Resort ID,Easy,Intermediate,Difficult
1,101.0,61.0,17.0
2,47.0,142.0,49.0
3,122.0,129.0,33.0
4,132.0,123.0,50.0
5,47.0,123.0,28.0
6,140.0,112.0,18.0
7,28.7,41.3,13.0
8,43.0,89.0,11.0
9,46.4,68.3,8.3
10,70.2,44.6,29.4
11,60.0,45.0,8.0
12,40.0,63.0,33.0
13,61.0,35.0,4.0
14,35.0,55.0,20.0
15,52.0,41.0,19.0
16,30.0,81.0,4.0
17,30.0,28.0,19.0
18,29.0,25.0,10.0
19,13.0,25.0,3.0
20,30.6,52.8,2.6
21,10.0,50.0,10.0
22,14.0,24.5,3.5
23,25.9,53.7,13.5
24,29.7,48.0,1.7
25,18.0,22.0,2.0
26,8.5,22.5,6.0
27,24.0,34.0,13.0
28,30.0,69.0,11.0
29,6.0,26.2,8.8
30,19.0,15.0,4.0
31,25.5,43.1,1.5
32,23.5,16.2,4.3
33,32.0,12.0,2.0
34,12.8,12.6,1.9
35,13.0,12.0,1.5
36,14.0,35.0,11.0
37,16.0,24.0,3.0
38,9.2,7.2,0.6
39,18.0,19.0,6.0
40,10.0,22.0,8.0
41,15.0,33.0,3.0
42,6.0,25.0,12.0
43,5.6,15.0,1.1
44,12.0,21.0,3.0
45,3.6,14.8,2.7
46,17.0,16.0,9.0
47,13.0,19.0,2.0
48,12.0,18.0,10.0
49,7.0,21.0,2.0
50,4.7,11.1,1.2
51,3.8,16.2,0.7
52,18.0,77.0,8.0
53,20.0,9.0,3.0
54,22.0,30.0,3.0
55,18.1,7.4,2.0
56,12.0,6.8,3.2
57,8.0,25.0,8.0
58,18.0,12.0,3.0
59,13.0,5.1,2.7
60,6.0,6.0,1.0
61,10.6,6.2,2.2
62,6.0,16.0,5.0
63,10.0,10.0,9.0
64,5.2,7.2,5.0
65,7.0,16.0,2.0
66,20.8,5.3,2.0
67,24.5,10.0,1.5
68,15.0,12.5,5.0
69,26.0,17.0,7.0
70,19.0,7.0,2.0
71,10.5,27.8,3.3
72,10.0,25.0,5.0
73,13.0,18.0,9.0
74,7.9,11.5,1.6
75,7.0,15.5,0.5
76,9.0,10.0,1.0
77,5.0,9.0,4.0
78,5.5,6.0,2.0
79,3.5,13.2,1.5
80,20.0,34.0,1.0
81,11.4,5.9,1.0
82,12.8,15.9,0.8
83,10.0,9.0,3.0
84,5.0,10.0,0.0
85,6.0,15.0,2.0
86,11.0,15.0,1.0
87,6.0,15.0,1.0
88,9.5,4.5,4.4
89,7.3,3.7,0.0
90,19.5,11.9,2.3
91,7.0,8.0,1.0
92,10.0,10.0,2.0
93,14.0,10.0,1.0
94,2.5,2.5,0.0
95,2.9,9.0,0.3
96,2.8,5.0,5.0
97,4.0,5.0,1.0
98,11.1,5.8,7.1
99,8.0,15.0,4.0
100,9.3,7.7,2.5
101,4.0,2.0,0.0
102,5.0,9.0,2.0
103,8.0,9.5,7.5
104,0.5,13.0,0.4
105,7.0,4.0,2.0
106,6.7,6.5,0.8
107,5.0,0.0,0.0
108,7.0,3.0,0.0
109,18.0,6.0,0.0
110,6.0,12.0,6.0
111,7.0,27.0,2.0
112,1.5,1.5,0.0
113,1.7,0.1,0.0
114,3.0,6.0,1.0
115,2.5,5.0,1.0
116,3.0,5.5,0.5
117,6.0,11.0,3.0
118,7.2,5.9,0.6
119,6.0,9.0,2.0
120,11.0,9.0,1.0
121,4.0,3.0,2.0
122,4.0,7.0,1.0
123,0.0,4.0,1.0
124,0.5,11.3,4.2
125,6.0,6.0,0.0
126,1.0,8.0,2.0
127,3.4,7.8,1.0
128,4.0,3.0,2.0
129,5.5,10.0,3.5
130,7.0,7.0,1.5
131,23.5,10.0,0.5
132,5.5,3.5,2.0
133,5.7,7.6,3.7
134,6.8,4.1,0.0
135,5.5,2.4,2.1
136,2.0,11.0,2.0
137,7.0,8.0,4.0
138,18.0,10.0,0.0
139,6.1,3.5,1.0
140,10.2,7.2,1.1
141,0.5,0.0,0.0
142,6.0,5.0,0.0
143,2.0,1.2,0.8
144,0.1,0.4,0.0
145,1.0,0.0,0.0
146,0.3,0.2,0.0
147,1.0,0.0,0.0
148,0.4,0.0,0.0
149,1.0,4.0,0.0
150,0.8,2.1,0.1
151,4.0,2.0,1.0
152,5.0,13.0,0.0
153,2.0,1.0,0.0
154,2.0,0.5,0.0
155,8.0,2.5,2.0
156,0.5,0.0,0.0
157,2.0,0.0,0.0
158,0.5,0.0,0.0
159,2.0,2.0,0.0
160,0.5,0.0,0.0
161,1.0,0.0,0.0
162,0.7,0.0,0.0
163,0.5,0.0,0.0
164,0.3,0.0,0.0
165,0.0,0.3,0.4
166,0.5,0.0,0.0
167,0.6,0.0,0.0
168,2.0,2.0,1.0
169,0.2,0.0,0.0
170,0.5,0.0,0.0
171,4.0,0.0,0.0
172,1.0,0.0,0.0
173,1.0,0.0,0.0
174,1.0,0.0,0.0
175,1.0,1.0,0.0
176,0.3,0.0,0.0
177,0.2,0.0,0.0
178,1.0,0.0,0.0
179,0.5,0.0,0.0
180,0.5,0.4,0.0
181,0.5,0.0,0.0
182,0.2,0.0,0.0
183,0.8,0.0,0.0
184,0.3,0.0,0.0
185,3.0,4.0,2.0
186,1.0,0.0,0.0
187,4.0,1.0,0.0
188,0.0,1.0,0.0
189,2.0,6.0,0.0
190,0.0,0.3,0.0
191,0.5,0.0,0.0
192,0.2,0.0,0.0
193,0.4,0.0,0.0
194,1.0,0.0,0.0
195,0.8,0.4,0.0
196,1.5,1.0,0.6
197,0.5,0.0,0.0
198,0.0,7.0,0.0
199,2.0,1.0,0.0
200,5.0,4.0,1.0
201,1.0,0.0,0.0
202,7.0,8.0,0.0
203,5.9,2.5,0.0
204,1.0,1.0,1.0
205,0.3,0.0,0.0
206,0.0,1.7,0.0
207,1.0,0.0,0.0
208,0.9,0.3,0.0
209,0.2,0.0,0.0
210,0.5,0.0,0.0
211,10.0,4.0,2.0
212,0.8,0.0,0.0
213,0.5,0.0,0.0
214,1.5,1.5,0.9
215,3.0,2.0,1.0
216,1.2,0.0,0.0
217,0.3,0.0,0.0
218,0.3,0.0,0.0
219,1.5,0.0,0.0
220,1.0,8.0,1.0
221,1.5,1.0,0.0
222,3.0,1.0,0.0
223,1.0,3.0,0.0
224,0.2,0.0,0.0
225,3.5,6.4,2.0
226,0.5,0.0,0.0
227,1.0,0.0,0.0
228,1.5,1.5,0.0
229,1.0,0.3,0.0
230,1.0,0.0,0.0
231,0.5,0.0,0.0
232,0.2,0.0,0.0
233,0.2,4.2,0.0
234,0.2,3.2,0.0
235,0.3,0.0,0.0
236,0.4,0.0,0.0
237,0.5,0.5,0.0
238,0.4,0.0,0.0
239,2.0,2.0,1.0
240,1.5,0.0,0.0
241,3.0,8.0,0.0
242,0.0,3.0,0.0
243,0.3,0.0,0.0
244,3.0,2.0,0.0
245,7.0,2.0,4.0
246,1.0,0.9,0.0
247,3.0,2.0,0.0
248,3.5,5.0,2.0
249,3.0,3.0,2.0
250,2.0,1.0,1.0
251,1.0,2.0,0.0
252,4.0,3.0,1.0
253,1.0,0.0,0.0
254,5.4,11.4,3.8
255,1.5,4.0,0.0
256,3.0,7.0,1.0
257,0.1,0.0,0.0
258,5.0,1.0,0.0
259,2.0,1.0,0.0
260,2.0,0.0,0.0
261,0.5,0.0,0.0
262,1.5,0.0,0.0
263,0.3,0.0,0.0
264,0.5,0.0,0.0
265,1.2,0.0,0.0
266,1.5,2.0,0.5
267,2.0,1.0,0.0
268,0.8,0.0,0.0
269,0.2,0.0,0.0
270,2.0,0.0,0.0
271,0.5,0.0,0.0
272,0.9,0.0,0.0
273,0.4,0.0,0.0
274,0.3,0.0,0.0
275,0.7,0.0,0.0
276,3.0,2.0,0.0
277,0.0,0.3,0.4
278,2.0,1.0,0.0
279,0.2,0.8,0.0
280,3.0,1.0,0.0
281,1.5,0.5,0.0
282,7.0,5.0,2.0
283,0.5,0.0,0.0
284,5.0,2.0,0.0
285,0.5,0.3,0.0
286,1.5,0.0,0.0
287,1.0,0.0,0.0
288,10.0,11.0,3.0
289,1.0,1.0,0.0
290,5.0,7.0,1.0
291,5.0,7.0,0.0
292,0.4,0.0,0.0
293,0.5,0.5,0.0
294,0.5,0.5,0.0
295,0.3,0.0,0.0
296,2.9,3.7,2.2
297,1.4,0.0,0.0
298,0.5,0.5,0.0
299,0.2,0.0,0.0
300,1.0,0.5,0.0
301,0.3,0.0,0.0
302,1.0,0.0,0.0
303,1.0,0.0,0.0
304,2.0,2.0,0.5
305,0.2,0.0,0.0
306,1.0,0.0,0.0
307,1.0,0.0,0.0
308,0.6,0.0,0.0
309,1.0,0.0,0.0
310,0.7,0.0,0.0
311,0.2,0.0,0.0
312,0.7,0.0,0.0
313,2.0,1.0,0.0
314,0.5,0.0,0.0
315,0.5,0.0,0.0
316,0.5,1.5,0.0
317,3.5,2.5,0.0
318,0.0,0.7,0.0
319,0.5,0.0,0.0
320,4.0,8.0,0.0
321,5.0,4.0,1.0
322,1.0,0.0,0.0
323,2.0,2.0,0.0
324,1.0,0.0,0.0
325,0.5,0.5,0.0
326,0.3,2.0,2.0
327,0.6,0.0,0.0
328,1.0,0.0,1.0
329,0.4,0.0,0.0
330,1.0,0.0,0.0
331,0.8,0.3,0.0
332,0.4,0.0,0.0
333,0.5,0.0,0.0
334,2.0,1.5,1.2
335,1.0,1.5,0.0
336,0.4,0.0,0.0
337,0.5,0.5,0.0
338,3.0,0.0,0.0
339,0.2,0.0,0.0
340,0.5,1.0,0.5
341,0.3,0.0,0.0
342,2.0,1.0,1.0
343,5.0,2.0,1.0
344,1.0,0.5,0.5
345,1.0,0.0,0.0
346,4.0,3.0,0.0
347,0.6,0.0,0.0
348,1.0,0.0,0.0
349,1.0,2.0,0.0
350,1.0,3.0,0.0
351,0.5,0.0,0.0
352,0.3,0.0,0.0
353,4.0,6.0,2.0
354,1.2,0.0,0.0
355,0.0,0.5,0.0
356,2.0,1.0,0.0
357,6.0,4.0,2.0
358,1.0,0.0,0.0
359,4.5,3.7,2.1
360,0.7,0.0,0.0
361,0.6,0.0,0.0
362,0.6,0.0,0.2
363,1.2,0.5,0.3
364,0.2,0.0,0.0
365,0.2,0.0,0.0
366,1.0,0.5,0.0
367,0.0,0.0,2.0
368,0.5,2.5,0.0
369,1.0,0.0,0.0
370,3.0,7.0,0.0
371,1.0,6.0,3.0
372,1.0,0.0,0.0
373,0.6,0.0,0.0
374,3.0,2.0,1.0
375,2.2,3.5,0.0
376,1.0,0.0,0.0
377,2.0,0.0,0.0
378,0.0,1.8,0.0
379,8.5,3.0,0.5
380,4.0,5.0,3.0
381,0.6,0.0,0.0
382,0.0,0.4,0.0
383,0.4,0.0,0.0
384,4.0,3.0,0.0
385,0.2,2.5,0.0
386,1.0,0.5,0.5
387,1.0,0.0,0.0
388,0.9,0.9,0.0
389,1.0,3.0,0.0
390,1.0,0.0,0.0
391,3.0,2.0,0.0
392,1.0,3.0,0.0
393,0.6,0.0,0.0
394,0.5,0.0,0.0
395,1.0,0.0,0.0
396,0.6,0.2,0.0
397,1.2,0.0,0.0
398,0.4,0.0,0.0
399,4.0,3.0,1.0
400,0.2,0.0,0.0
401,1.0,2.0,1.0
402,1.0,0.0,0.0
403,1.0,2.0,0.0
404,3.0,1.0,0.0
405,0.4,0.0,0.0
406,1.2,0.0,0.0
407,2.0,1.5,0.0
408,11.0,5.0,0.0
409,0.0,0.0,7.5
410,0.3,0.0,0.0
411,3.0,0.0,0.0
412,0.5,0.0,0.0
413,2.0,2.0,0.0
414,0.5,0.0,0.0
415,0.5,0.0,0.0
416,0.8,0.0,0.0
417,7.0,9.0,2.0
418,1.0,3.0,0.0
419,2.0,0.0,0.0
420,15.0,5.0,3.0
421,1.0,0.0,0.0
422,1.0,0.0,0.0
423,1.5,0.5,0.0
424,0.8,0.0,0.0
425,0.4,0.0,0.0
426,3.8,4.0,0.0
427,11.0,2.0,0.0
428,1.0,0.0,0.0
429,0.3,0.0,0.0
430,0.3,0.0,0.0
431,2.0,5.5,0.5
432,1.0,0.0,0.0
433,1.0,5.0,1.0
434,111.0,87.0,27.0
435,42.0,79.0,34.0
436,88.0,81.0,19.0
437,75.0,220.0,27.0
438,42.0,50.0,12.0
439,10.0,35.0,5.0
440,46.0,34.0,6.0
441,27.0,32.0,11.0
442,19.0,37.5,9.5
443,107.0,202.0,103.0
444,310.0,210.0,60.0
445,10.0,38.0,17.0
446,60.0,40.0,20.0
447,25.5,13.2,2.5
448,33.0,56.0,13.0
449,17.3,60.5,17.7
450,13.0,89.3,17.7
451,30.0,15.0,8.0
452,20.0,60.0,20.0
453,64.3,20.6,4.0
454,1.2,23.8,10.0
455,12.0,21.3,1.2
456,14.0,21.0,8.0
457,15.0,30.0,5.0
458,20.0,17.0,18.0
459,20.0,34.0,6.0
460,13.5,33.0,3.5
461,26.0,28.0,26.0
462,15.0,20.0,5.0
463,5.9,23.6,18.0
464,20.0,30.0,10.0
465,55.0,70.0,15.0
466,19.0,23.0,9.0
467,9.0,3.0,3.0
468,6.0,20.0,6.0
469,4.0,10.0,17.0
470,0.3,21.0,10.7
471,32.0,38.0,3.0
472,15.6,23.1,12.8
473,12.0,11.0,7.0
474,9.0,21.0,6.0
475,43.0,38.0,3.0
476,35.2,17.4,5.4
477,15.0,15.0,15.0
478,9.0,33.0,2.0
479,12.0,37.0,9.0
480,5.0,15.0,5.0
481,10.0,45.0,5.0
482,30.0,15.0,8.0
483,20.0,30.0,10.0
484,21.7,19.4,0.9
485,5.0,15.0,5.0
486,13.0,19.0,3.0
487,5.0,20.0,5.0
488,20.0,6.0,10.0
489,43.0,15.0,2.0
490,14.0,6.0,5.0
491,9.0,19.0,2.0
492,3.5,26.9,16.8
493,14.5,5.5,10.0
494,3.5,3.6,2.2
495,12.0,13.0,2.0
496,10.0,15.0,5.0
497,18.0,31.0,1.0
498,5.0,20.0,0.0
499,8.0,8.0,4.0
500,17.5,8.0,6.5
501,1.0,25.0,4.0
502,17.0,20.0,3.0
503,1.0,15.0,14.0
504,15.0,20.0,0.0
505,10.5,10.0,8.0
506,15.0,25.0,0.0
507,14.0,5.0,1.0
508,9.0,9.0,2.0
509,2.0,34.0,6.0
510,8.0,8.0,4.0
511,3.6,3.7,1.6
512,5.8,6.2,0.0
513,19.0,4.0,7.0
514,5.0,4.6,0.4
515,7.0,10.0,3.0
516,10.0,17.0,3.0
517,10.0,12.0,1.0
518,20.0,18.0,9.0
519,9.5,5.0,3.0
520,10.5,6.5,3.5
521,1.5,7.0,1.5
522,10.0,4.0,0.0
523,8.0,10.0,2.0
524,10.0,30.0,0.0
525,10.0,5.0,5.0
526,6.0,4.0,10.0
527,9.0,9.0,2.0
528,3.0,10.0,2.0
529,10.0,10.0,10.0
530,12.0,15.0,3.0
531,0.5,1.5,1.0
532,1.0,0.0,0.0
533,10.0,2.0,0.0
534,1.0,0.0,0.0
535,3.0,1.0,0.0
536,10.0,10.0,0.0
537,0.3,0.0,0.0
538,0.3,0.0,0.0
539,6.0,2.0,0.0
540,2.0,2.0,4.0
541,11.0,1.5,2.5
542,1.0,0.0,0.0
543,2.0,3.0,0.0
544,2.5,0.5,0.0
545,1.0,0.0,0.0
546,0.3,0.0,0.0
547,1.5,0.0,0.0
548,0.0,0.0,0.0
549,2.5,4.5,0.0
550,0.5,0.0,0.0
551,0.3,0.0,0.0
552,0.3,0.0,0.0
553,0.4,0.0,0.0
554,1.0,0.5,0.0
555,2.0,3.0,2.0
556,0.5,0.0,0.0
557,0.5,0.0,0.0
558,6.0,3.0,1.0
559,2.0,0.0,0.0
560,2.6,3.0,0.0
561,0.5,0.0,0.0
562,2.0,1.0,0.0
563,1.0,0.0,0.0
564,0.4,0.0,0.0
565,0.2,0.0,0.0
566,1.5,0.0,0.0
567,0.0,3.0,0.0
568,5.5,3.0,1.5
569,0.2,0.0,0.0
570,0.2,0.0,0.0
571,1.0,0.0,0.0
572,1.0,7.5,1.5
573,0.2,0.0,0.0
574,2.5,0.5,0.0
575,10.0,4.5,0.5
576,1.0,0.0,0.0
577,7.0,6.0,4.0
578,4.0,2.0,0.0
579,3.0,10.0,12.0
580,2.2,0.0,0.0
581,0.5,0.0,0.0
582,0.3,7.5,2.2
583,5.0,7.0,1.0
584,1.7,1.5,0.8
585,2.0,0.0,0.0
586,1.0,0.0,0.0
587,2.0,1.0,0.0
588,0.5,0.0,0.0
589,0.8,0.0,0.0
590,1.0,0.0,0.0
591,0.3,1.7,0.0
592,4.0,2.0,0.0
593,2.0,0.0,0.0
594,0.8,0.2,0.0
595,0.2,0.0,0.0
596,2.0,0.0,1.0
597,0.8,0.0,0.0
598,4.0,4.0,2.0
599,2.0,4.0,0.0
600,0.2,0.0,0.0
601,1.5,3.5,0.0
602,0.2,0.0,0.0
603,0.7,0.0,0.0
604,0.2,0.0,0.0
605,0.5,0.0,0.0
606,2.0,4.0,2.0
607,0.0,0.0,0.0
608,1.0,0.0,0.0
609,0.4,0.0,0.0
610,4.0,8.0,0.0
611,4.0,1.0,0.0
612,2.0,2.0,0.0
613,1.0,0.0,0.0
614,0.7,0.6,0.0
615,3.0,1.2,0.8
616,0.4,0.0,0.0
617,3.0,1.0,0.0
618,2.0,2.0,0.0
619,0.3,0.0,0.0
620,3.0,0.0,0.0
621,0.2,0.0,0.0
622,0.3,0.0,0.0
623,5.0,4.0,1.0
624,6.0,2.0,0.0
625,1.0,6.0,0.0
626,2.0,5.0,0.0
627,0.8,0.0,0.0
628,3.0,0.0,0.0
629,2.1,1.5,1.0
630,3.0,0.0,0.0
631,8.0,7.0,0.0
632,1.0,0.0,0.0
633,1.0,0.0,0.0
634,0.5,0.0,0.0
635,0.5,0.0,0.0
636,3.0,1.0,0.0
637,6.0,3.0,1.0
638,3.0,1.0,0.0
639,0.4,0.0,0.0
640,0.8,0.0,0.0
641,2.2,0.0,0.0
642,2.5,1.5,1.0
643,2.0,0.0,0.0
644,0.3,0.0,0.0
645,7.0,2.0,1.0
646,0.5,0.0,0.0
647,5.0,4.0,1.0
648,2.0,1.5,0.5
649,0.1,0.0,0.0
650,0.5,0.0,0.0
651,5.0,2.0,2.0
652,0.4,0.0,0.0
653,4.0,4.0,0.0
654,3.0,2.0,0.0
655,0.4,0.0,0.0
656,1.0,19.0,0.0
657,3.0,0.0,0.0
658,4.0,1.0,0.0
659,0.2,0.0,0.0
660,2.0,3.0,1.0
661,0.2,0.0,0.0
662,1.0,0.0,0.0
663,0.2,0.0,0.0
664,17.0,5.0,3.0
665,5.0,6.0,3.0
666,1.2,0.3,0.0
667,1.0,0.4,0.0
668,3.0,0.0,0.0
669,1.0,0.0,0.0
670,0.4,0.0,0.0
671,3.0,0.0,0.0
672,8.0,5.0,8.0
673,5.0,3.5,1.5
674,2.0,3.0,1.0
675,1.0,0.0,0.0
676,0.3,0.0,0.0
677,2.0,0.0,0.0
678,0.1,0.0,0.0
679,0.2,0.0,0.0
680,3.5,0.0,0.0
681,0.4,0.0,0.0
682,3.0,1.0,0.0
683,2.0,0.0,0.0
684,0.8,0.0,0.0
685,0.2,0.0,0.0
686,2.0,0.0,0.0
687,3.0,2.0,0.0
688,1.0,1.0,0.0
689,0.2,0.0,0.0
690,0.0,0.0,0.0
691,0.3,0.0,0.0
692,5.0,0.0,0.0
693,1.0,0.0,0.0
694,0.8,0.0,0.0
695,3.0,5.0,0.0
696,1.0,0.0,0.0
697,1.2,0.0,0.0
698,0.3,0.0,0.0
699,10.0,6.0,3.0
700,0.2,0.0,0.0
701,0.3,0.0,0.0
702,4.5,4.5,0.0
703,5.0,0.0,0.0
704,0.5,1.5,0.0
705,0.4,0.0,0.0
706,5.0,5.0,0.0
707,3.0,2.0,4.0
708,0.2,0.0,0.0
709,5.0,15.0,5.0
710,0.5,0.0,0.0
711,8.0,4.0,1.0
712,0.3,0.0,0.0
713,0.5,0.0,0.0
714,0.0,0.0,0.0
715,2.0,1.0,0.0
716,0.3,0.0,0.0
717,1.5,0.0,0.0
718,1.0,0.0,0.0
719,0.2,0.0,0.0
720,5.0,4.7,0.0
721,3.0,3.0,0.0
722,0.3,0.0,0.0
723,2.0,1.0,0.0
724,11.0,6.0,3.0
725,5.0,8.0,2.0
726,2.0,1.0,0.0
727,2.0,0.5,0.0
728,1.0,0.0,0.0
729,4.5,3.0,0.5
730,0.0,0.2,0.0
731,5.0,2.0,0.0
732,1.6,0.6,0.8
733,0.3,0.0,0.0
734,1.5,4.0,0.5
735,2.0,1.0,0.0
736,2.0,1.0,0.0
737,0.1,0.3,0.1
738,3.0,2.0,0.0
739,0.3,0.0,0.0
740,0.3,0.0,0.0
741,2.0,2.0,2.0
742,0.5,0.0,0.0
743,2.0,1.5,0.0
744,0.3,0.0,0.0
745,2.0,0.0,0.0
746,1.0,0.0,0.0
747,3.5,1.0,0.0
748,0.5,0.0,0.0
749,6.0,6.0,2.0
750,0.1,0.0,0.0
751,1.0,0.0,0.0
752,2.0,0.0,0.0
753,4.0,21.0,0.0
754,2.0,0.0,0.0
755,0.3,0.0,0.0
756,2.0,0.0,0.0
757,7.0,5.0,3.0
758,1.0,0.0,0.0
759,2.0,1.0,0.0
760,0.3,0.0,0.0
761,1.0,0.0,0.0
762,0.1,0.0,0.0
763,0.2,0.0,0.0
764,2.5,2.5,0.0
765,0.0,9.0,3.0
766,0.2,0.0,0.0
767,52.0,105.0,18.0
768,50.0,67.0,33.0
769,52.0,42.0,25.0
770,9.0,32.0,7.0
771,14.0,14.0,4.0
772,17.3,39.2,18.5
773,14.0,45.0,1.0
774,30.0,65.0,20.0
775,70.0,52.0,8.0
776,22.0,13.0,5.0
777,19.0,16.2,4.8
778,17.3,25.1,9.3
779,24.0,61.0,15.0
780,21.0,6.0,11.0
781,20.8,38.7,8.1
782,7.3,40.7,7.2
783,96.0,220.0,84.0
784,9.6,22.5,1.2
785,4.0,14.0,2.0
786,16.0,32.0,12.0
787,4.0,21.0,0.0
788,36.4,32.0,5.6
789,30.0,44.0,6.0
790,19.5,9.5,13.5
791,23.0,94.0,15.0
792,45.0,55.0,20.0
793,12.9,10.6,4.0
794,6.4,7.4,1.2
795,6.0,13.3,0.0
796,10.0,9.0,5.0
797,6.1,10.3,1.0
798,5.0,12.8,2.2
799,6.4,6.2,1.2
800,12.0,25.0,3.0
801,8.0,7.6,11.6
802,6.3,11.7,2.5
803,17.0,13.0,14.0
804,3.0,17.0,2.0
805,5.0,9.0,4.0
806,54.0,38.0,8.0
807,37.0,32.6,20.9
808,4.0,13.0,1.0
809,14.0,34.0,2.0
810,42.7,51.0,11.6
811,19.7,5.4,2.2
812,28.3,14.0,7.7
813,11.5,35.0,5.5
814,8.3,35.5,6.5
815,15.0,25.0,10.0
816,1.4,15.5,3.6
817,13.9,28.9,5.6
818,5.7,12.8,14.1
819,16.0,21.0,4.0
820,14.2,28.6,1.3
821,14.0,32.0,4.0
822,5.0,16.9,6.7
823,9.0,8.0,5.0
824,9.0,11.0,5.0
825,15.0,10.0,10.0
826,3.7,21.0,5.3
827,4.0,5.0,1.0
828,10.4,8.1,4.8
829,6.0,12.0,2.0
830,13.0,12.0,10.0
831,11.0,1.0,2.0
832,4.0,14.0,2.0
833,4.9,3.1,3.7
834,4.0,9.0,7.0
835,5.1,21.8,2.6
836,3.7,1.7,0.0
837,10.5,10.0,0.0
838,4.0,16.0,2.0
839,2.0,9.0,3.0
840,10.5,4.0,0.5
841,8.0,1.0,0.0
842,4.2,3.8,0.3
843,11.0,3.0,1.0
844,3.5,12.0,1.5
845,21.1,5.4,3.5
846,6.0,4.0,2.0
847,3.6,4.5,5.0
848,4.5,6.0,1.5
849,5.0,8.0,7.0
850,7.0,11.0,3.0
851,0.3,8.7,0.0
852,1.6,12.0,2.2
853,6.8,10.8,4.4
854,7.0,12.0,4.0
855,1.0,12.0,2.0
856,8.0,9.0,0.0
857,9.4,6.8,1.0
858,7.0,7.0,2.0
859,3.0,3.6,1.9
860,6.0,6.0,6.0
861,2.0,2.0,3.0
862,2.0,18.0,0.0
863,7.6,2.9,8.3
864,5.0,7.0,2.0
865,0.3,10.0,8.4
866,0.0,0.0,0.0
867,11.0,1.0,2.0
868,10.0,8.0,2.0
869,3.0,3.0,1.0
870,13.0,10.0,2.0
871,4.8,21.6,2.2
872,1.4,2.0,0.0
873,1.0,0.5,0.0
874,3.0,3.0,1.0
875,0.0,0.0,0.0
876,2.0,1.0,0.0
877,0.0,0.0,0.0
878,3.0,6.0,0.0
879,0.8,0.4,0.0
880,0.7,0.0,0.0
881,32.0,22.0,8.0
882,0.8,1.3,0.5
883,0.0,0.0,0.0
884,0.3,0.0,0.0
885,0.0,0.0,0.0
886,1.0,0.0,0.0
887,4.4,0.5,0.0
888,0.5,0.0,0.0
889,9.4,4.9,3.1
890,0.4,1.9,1.0
891,3.0,13.0,0.0
892,4.0,1.9,0.0
893,2.4,1.9,0.0
894,0.1,1.1,1.1
895,3.0,5.0,4.0
896,6.5,1.9,2.1
897,0.5,2.0,0.0
898,5.0,4.0,3.0
899,1.5,0.1,0.0
900,2.0,2.0,0.0
901,0.0,0.0,0.0
902,1.0,0.0,0.0
903,0.0,0.0,0.0
904,1.0,7.0,0.0
905,1.0,3.0,2.0
906,0.0,0.0,0.0
907,2.0,5.0,1.0
908,0.5,0.0,0.0
909,0.2,0.8,0.0
910,4.0,2.5,1.5
911,0.0,1.0,0.0
912,0.0,0.0,0.0
913,0.0,0.0,0.0
914,0.0,0.0,0.0
915,8.0,5.0,2.0
916,0.0,0.0,0.0
917,0.0,3.5,0.0
918,0.0,0.0,0.0
919,0.0,0.0,0.0
920,0.0,0.0,0.0
921,3.4,6.7,0.0
922,1.5,8.8,0.0
923,0.7,5.6,0.0
924,0.0,0.0,0.0
925,3.2,1.7,2.9
926,0.0,0.0,0.0
927,0.0,0.0,0.0
928,0.0,0.0,0.0
929,1.1,0.0,0.0
930,4.3,3.0,1.0
931,1.0,3.0,1.0
932,8.0,14.0,8.0
933,1.1,0.0,0.0
934,2.0,13.0,5.0
935,0.1,0.0,0.0
936,4.0,2.0,1.0
937,0.0,0.0,0.0
938,1.0,0.0,0.0
939,1.0,0.0,0.0
940,0.0,1.0,0.0
941,4.8,5.9,0.3
942,0.5,0.0,0.0
943,0.0,0.0,0.0
944,0.8,0.0,0.0
945,8.0,15.0,12.0
946,0.0,0.0,0.0
947,7.0,6.0,2.8
948,0.6,3.8,0.6
949,1.5,0.0,0.0
950,1.0,0.0,2.0
951,3.0,2.7,0.4
952,2.9,2.9,0.0
953,2.2,11.9,4.1
954,2.0,0.0,0.0
955,3.0,2.0,0.0
956,4.8,4.0,0.2
957,0.0,0.0,0.0
958,1.2,6.1,2.7
959,2.0,6.0,2.0
960,0.0,0.0,0.0
961,2.0,2.0,0.0
962,0.4,0.6,0.0
963,4.0,3.0,1.0
964,0.5,4.3,1.0
965,0.0,0.0,0.0
966,5.0,12.0,4.0
967,2.4,0.8,0.4
968,2.0,1.0,1.0
969,0.4,0.0,0.0
970,2.0,6.0,1.4
971,0.0,0.0,0.0
972,1.0,2.1,0.0
973,0.0,0.0,0.0
974,0.0,0.0,0.0
975,9.0,10.0,2.0
976,0.8,0.0,0.0
977,1.0,0.0,0.0
978,0.0,6.0,0.0
979,0.0,0.0,0.0
980,3.5,3.5,0.0
981,0.0,0.0,0.0
982,3.0,0.0,0.0
983,0.5,0.0,0.0
984,0.0,5.5,0.0
985,1.0,0.0,0.0
986,2.2,1.2,0.6
987,6.0,4.8,0.0
988,1.6,0.5,0.0
989,5.0,7.0,3.0
990,6.0,0.0,0.0
991,1.7,0.0,0.0
992,4.6,2.0,3.0
993,0.6,0.0,0.0
994,0.3,1.0,0.0
995,0.0,0.0,0.0
996,1.0,5.0,1.0
997,1.0,2.0,0.0
998,0.8,2.0,1.2
999,2.0,1.0,2.0
1000,0.8,0.0,0.0
1001,0.5,0.0,0.0
1002,0.8,3.0,0.7
1003,12.0,15.0,3.0
1004,0.4,0.0,0.0
1005,4.0,2.0,2.0
1006,4.6,2.0,2.2
1007,1.7,3.4,0.0
1008,0.9,0.0,0.0
1009,5.0,20.0,5.0
1010,0.8,0.0,0.0
1011,0.2,0.0,0.0
1012,0.6,2.9,0.0
1013,2.0,4.0,3.0
1014,2.0,1.0,0.0
1015,7.0,8.0,0.0
1016,2.0,7.3,1.0
1017,1.0,0.8,0.2
1018,4.0,3.0,0.0
1019,3.0,3.0,2.0
1020,2.0,2.0,0.0
1021,0.5,0.0,0.0
1022,1.5,2.5,0.0
1023,2.0,0.0,0.0
1024,0.9,2.7,0.0
1025,0.0,0.5,0.5
1026,2.0,5.0,3.5
1027,0.1,0.0,0.0
1028,2.5,8.0,1.0
1029,1.7,1.0,0.0
1030,2.2,5.8,0.0
1031,1.9,9.1,2.4
1032,1.0,2.5,0.0
1033,0.6,2.1,1.3
1034,4.0,7.0,0.0
1035,0.0,0.0,0.0
1036,0.4,0.0,0.0
1037,4.7,1.8,1.6
1038,1.5,0.0,0.0
1039,0.2,0.0,0.0
1040,0.8,0.0,0.0
1041,1.0,10.0,0.0
1042,0.8,0.0,0.0
1043,0.0,0.0,0.0
1044,4.0,2.0,3.0
1045,1.0,4.0,1.0
1046,0.0,0.0,0.0
1047,0.0,0.0,0.0
1048,0.0,0.0,0.0
1049,0.0,0.0,0.0
1050,1.5,1.5,2.0
1051,0.0,0.0,0.0
1052,3.8,2.4,2.1
1053,0.0,0.0,0.0
1054,2.0,0.5,0.5
1055,14.0,5.0,1.0
1056,0.4,0.3,0.0
1057,1.5,5.3,1.2
1058,312.0,216.0,72.0
1059,170.0,78.0,52.0
1060,138.0,80.0,32.5
1061,139.0,59.0,27.0
1062,110.0,56.0,34.0
1063,60.0,30.0,10.0
1064,70.0,130.0,50.0
1065,98.0,134.0,31.0
1066,104.0,70.0,26.0
1067,135.0,95.0,35.0
1068,132.0,49.0,11.0
1069,22.0,23.0,10.0
1070,30.0,26.0,4.0
1071,53.0,239.0,18.5
1072,75.0,90.0,20.0
1073,115.0,35.0,15.0
1074,75.0,60.0,15.0
1075,55.0,83.0,22.0
1076,73.0,42.0,10.0
1077,40.0,60.0,20.0
1078,46.0,36.0,38.0
1079,62.0,40.0,23.0
1080,50.0,50.0,25.0
1081,56.0,93.5,30.5
1082,75.0,35.0,10.0
1083,25.0,25.0,5.0
1084,11.0,25.0,20.0
1085,58.0,35.0,7.0
1086,60.0,45.0,30.0
1087,55.0,38.0,7.0
1088,30.0,60.0,10.0
1089,60.0,30.0,10.0
1090,45.0,35.0,10.0
1091,6.0,9.0,14.0
1092,40.0,20.0,10.0
1093,28.0,34.0,13.0
1094,28.0,50.0,7.0
1095,49.0,29.0,8.0
1096,40.0,25.0,15.0
1097,45.0,35.0,10.0
1098,35.0,22.0,8.0
1099,17.0,43.0,5.0
1100,35.0,20.0,10.0
1101,10.0,25.0,6.0
1102,7.0,20.0,3.0
1103,26.0,25.0,9.0
1104,30.0,22.0,3.0
1105,15.0,20.0,15.0
1106,25.0,20.0,5.0
1107,21.0,20.0,9.0
1108,25.0,20.0,5.0
1109,30.0,20.0,10.0
1110,18.0,13.0,4.0
1111,30.0,19.0,9.0
1112,20.0,28.0,0.0
1113,18.0,12.0,5.0
1114,25.6,16.1,6.3
1115,21.0,12.0,3.0
1116,16.9,7.4,4.2
1117,30.0,17.0,3.0
1118,36.0,17.0,2.0
1119,30.0,9.0,4.0
1120,6.0,21.0,1.0
1121,7.0,17.0,2.0
1122,19.6,18.0,2.4
1123,16.0,10.0,6.0
1124,15.0,12.0,3.0
1125,30.0,10.0,1.0
1126,20.0,13.0,2.0
1127,22.0,6.0,2.0
1128,20.0,14.0,6.0
1129,24.0,14.0,2.0
1130,13.0,11.0,1.0
1131,13.0,16.0,0.0
1132,8.0,15.0,4.0
1133,15.0,15.0,3.0
1134,18.3,10.5,2.8
1135,16.0,12.0,2.0
1136,20.0,8.0,2.0
1137,13.7,8.0,1.3
1138,20.0,12.0,1.0
1139,11.2,4.2,0.5
1140,13.4,10.0,1.6
1141,17.0,12.0,4.0
1142,18.0,15.0,7.0
1143,12.0,12.0,1.0
1144,8.0,7.0,4.0
1145,25.0,7.0,3.0
1146,9.0,8.2,1.8
1147,10.0,12.0,2.0
1148,9.7,15.2,7.1
1149,12.0,5.0,1.0
1150,11.0,3.0,1.0
1151,12.0,5.0,1.0
1152,13.0,10.0,2.0
1153,12.0,7.0,3.0
1154,13.0,7.0,1.0
1155,15.0,6.0,1.0
1156,22.0,5.0,2.0
1157,5.0,5.0,2.0
1158,10.0,8.0,2.0
1159,16.0,12.0,1.0
1160,11.0,7.0,2.0
1161,16.0,12.0,2.0
1162,18.2,4.0,1.8
1163,10.0,4.0,2.0
1164,1.5,1.0,0.0
1165,0.6,0.0,0.0
1166,0.7,0.0,0.0
1167,0.0,0.0,0.0
1168,2.0,0.5,0.5
1169,0.8,0.0,0.0
1170,8.0,2.0,8.0
1171,2.1,1.8,0.8
1172,1.5,0.6,0.0
1173,2.9,3.5,0.6
1174,0.7,0.5,0.2
1175,2.8,2.0,0.0
1176,0.3,0.0,0.0
1177,4.0,2.0,0.0
1178,8.3,1.6,4.3
1179,20.0,15.0,0.0
1180,5.0,2.8,0.0
1181,10.0,4.0,2.0
1182,0.5,0.0,0.0
1183,3.0,2.0,1.0
1184,2.0,1.2,0.0
1185,3.0,2.0,0.0
1186,2.0,1.0,0.0
1187,1.6,1.5,1.4
1188,0.8,0.0,0.5
1189,1.0,1.5,0.0
1190,1.0,1.0,0.0
1191,4.0,7.0,0.0
1192,4.0,6.0,0.0
1193,12.3,7.4,1.7
1194,6.0,3.0,2.0
1195,2.0,1.0,0.0
1196,9.2,4.9,1.5
1197,17.6,8.7,2.4
1198,1.0,0.5,0.0
1199,12.0,1.0,0.7
1200,1.3,0.9,0.8
1201,4.0,2.0,0.0
1202,2.0,0.0,0.0
1203,4.3,3.3,1.0
1204,8.8,7.9,1.9
1205,8.0,7.0,5.0
1206,0.0,0.0,0.0
1207,0.6,0.0,0.0
1208,18.0,8.0,0.0
1209,1.5,0.5,0.0
1210,3.0,11.0,1.0
1211,1.0,0.0,0.0
1212,0.5,0.0,0.0
1213,1.9,0.8,0.0
1214,2.4,0.5,0.8
1215,6.0,3.0,1.5
1216,1.0,0.0,0.0
1217,3.0,0.0,0.0
1218,6.0,0.0,0.0
1219,3.0,1.0,0.0
1220,1.0,0.0,0.0
1221,1.0,1.0,0.0
1222,2.5,0.0,0.0
1223,3.0,3.0,4.0
1224,1.4,0.0,0.0
1225,8.0,5.0,1.0
1226,4.2,4.0,1.8
1227,1.0,0.0,0.0
1228,13.0,8.0,2.0
1229,1.5,0.5,0.0
1230,4.0,5.0,1.0
1231,0.6,0.0,0.0
1232,3.0,3.0,0.0
1233,1.0,0.0,0.0
1234,2.0,1.0,0.5
1235,4.0,0.0,0.0
1236,2.0,5.0,0.0
1237,0.5,0.0,0.0
1238,0.5,0.0,0.0
1239,2.0,0.0,0.0
1240,2.0,1.0,0.0
1241,6.0,3.0,1.0
1242,1.0,1.0,0.0
1243,4.0,1.0,0.0
1244,2.0,0.0,0.0
1245,5.0,2.0,1.1
1246,1.5,2.5,0.0
1247,0.5,1.3,0.0
1248,2.0,2.5,0.5
1249,2.7,0.8,0.0
1250,0.5,0.0,0.0
1251,1.0,0.5,0.0
1252,2.5,0.5,0.0
1253,2.0,0.0,0.0
1254,0.2,0.0,0.0
1255,10.0,13.0,0.0
1256,2.0,0.0,0.0
1257,13.7,1.3,0.0
1258,1.0,1.0,1.0
1259,0.5,1.5,0.0
1260,3.0,1.0,0.2
1261,0.3,0.1,0.1
1262,0.6,0.0,0.0
1263,7.5,4.1,1.2
1264,4.2,3.4,1.5
1265,1.5,0.5,0.0
1266,4.3,3.0,0.2
1267,3.0,0.7,0.8
1268,4.3,2.0,0.5
1269,4.5,6.0,1.5
1270,6.0,1.0,0.0
1271,0.0,0.0,0.0
1272,1.5,0.0,0.0
1273,4.5,1.4,0.0
1274,1.5,0.0,0.0
1275,1.0,1.0,0.0
1276,2.0,0.0,0.0
1277,1.0,0.0,0.0
1278,8.0,4.0,0.0
1279,0.3,0.0,0.0
1280,1.7,1.3,0.0
1281,0.0,0.0,0.0
1282,0.2,0.0,0.0
1283,3.0,1.0,0.0
1284,0.5,0.0,0.0
1285,1.2,1.2,0.0
1286,6.5,2.5,0.0
1287,14.3,5.8,1.7
1288,2.5,0.6,0.0
1289,1.0,0.0,0.0
1290,1.5,0.5,0.0
1291,1.3,1.4,0.3
1292,5.0,3.0,0.5
1293,3.2,2.5,0.0
1294,5.0,5.0,3.0
1295,0.6,0.0,0.0
1296,3.0,2.0,0.0
1297,2.5,2.5,2.0
1298,3.2,3.2,1.0
1299,1.7,0.3,0.0
1300,1.0,0.0,0.0
1301,3.0,0.0,0.0
1302,2.5,3.7,0.0
1303,1.0,1.0,0.0
1304,4.0,0.0,0.0
1305,5.0,3.0,2.0
1306,4.5,1.0,0.5
1307,5.0,4.0,1.0
1308,5.0,3.0,0.0
1309,100.0,77.0,33.0
1310,31.0,24.0,8.0
1311,13.0,14.0,3.0
1312,15.7,19.4,2.8
1313,21.0,28.0,6.0
1314,5.0,4.4,2.0
1315,9.1,7.0,2.8
1316,2.2,2.3,0.0
1317,1.5,0.5,0.0
1318,2.0,1.5,0.0
1319,2.0,0.8,1.0
1320,1.0,1.5,0.2
1321,0.4,0.0,0.0
1322,3.0,1.5,2.0
1323,1.6,0.0,0.0
1324,1.0,0.0,0.0
1325,0.8,0.2,0.0
1326,2.0,5.4,4.7
1327,1.5,0.0,0.0
1328,4.0,5.2,2.5
1329,1.5,0.0,0.0
1330,2.5,2.0,0.0
1331,1.0,0.2,0.0
1332,0.5,0.0,0.0
1333,1.5,0.5,0.0
1334,0.2,0.0,0.0
1335,2.0,0.5,0.0
1336,0.7,0.0,0.0
1337,2.5,1.5,0.8
1338,1.5,0.6,0.0
1339,1.0,0.5,0.0
1340,1.6,1.4,0.6
1341,0.0,0.0,0.0
1342,0.2,0.3,0.0
1343,4.0,2.0,1.0
1344,3.0,4.0,1.0
1345,0.0,0.0,0.0
1346,3.0,1.5,0.5
1347,0.9,0.5,0.0
1348,0.8,1.0,0.0
1349,2.0,0.4,0.0
1350,3.1,2.5,0.7
1351,1.0,0.6,0.2
1352,0.0,0.0,0.0
1353,0.0,0.0,0.0
1354,0.0,0.0,0.0
1355,8.0,3.0,1.0
1356,1.0,0.0,0.0
1357,0.7,0.6,0.0
1358,10.0,0.0,0.0
1359,0.0,0.0,0.0
1360,0.0,0.0,0.0
1361,1.5,1.0,0.0
1362,0.0,0.0,0.0
1363,0.0,0.0,0.0
1364,0.0,0.0,0.0
1365,0.0,0.0,0.0
1366,2.0,1.0,0.0
1367,0.0,0.0,0.0
1368,1.4,0.6,0.5
1369,4.5,2.0,0.5
1370,5.0,3.0,2.0
1371,0.0,0.0,0.0
1372,2.0,3.0,0.0
1373,0.0,0.0,0.0
1374,0.4,0.2,0.0
1375,0.0,0.0,0.0
1376,1.8,0.0,0.0
1377,1.2,0.0,0.0
1378,5.0,6.0,2.0
1379,1.5,0.5,0.0
1380,0.6,0.3,0.0
1381,10.0,8.0,2.0
1382,2.2,0.5,0.2
1383,0.5,0.3,0.0
1384,1.5,0.4,0.0
1385,0.0,0.0,0.0
1386,2.8,1.9,2.1
1387,5.3,5.9,1.9
1388,1.0,1.1,0.5
1389,0.0,0.0,0.0
1390,0.0,0.0,0.0
1391,3.0,0.0,0.0
1392,6.5,3.0,0.5
1393,0.0,0.0,0.0
1394,76.0,47.0,18.0
1395,79.0,53.0,20.0
1396,37.0,29.0,15.0
1397,47.0,70.0,20.0
1398,50.0,49.0,7.8
1399,10.0,22.7,8.6
1400,20.0,15.0,5.0
1401,11.0,21.0,3.0
1402,12.0,7.5,4.0
1403,15.8,18.3,15.9
1404,16.8,18.8,4.3
1405,10.0,10.0,2.0
1406,10.7,11.7,4.3
1407,14.0,6.0,1.0
1408,12.0,10.0,3.0
1409,13.6,10.9,3.2
1410,17.0,3.0,0.0
1411,6.8,9.5,4.5
1412,3.0,6.0,1.0
1413,8.6,18.2,0.0
1414,2.0,2.0,0.0
1415,4.2,3.3,1.3
1416,10.0,4.0,0.0
1417,4.0,3.0,0.0
1418,0.5,1.5,1.0
1419,0.2,0.1,0.0
1420,8.0,2.0,0.0
1421,1.0,4.0,0.0
1422,1.0,0.8,0.0
1423,0.0,0.0,0.0
1424,3.0,2.0,0.0
1425,1.2,1.1,0.0
1426,2.9,3.6,0.0
1427,6.0,3.0,0.0
1428,4.1,2.5,1.0
1429,5.4,4.0,1.0
1430,20.0,24.5,3.7
1431,24.0,29.0,5.0
1432,17.6,6.5,5.5
1433,12.0,6.0,2.0
1434,8.3,5.3,0.0
1435,0.0,0.0,0.0
1436,0.5,4.5,0.0
1437,2.0,4.5,0.5
1438,0.0,0.0,0.0
1439,0.0,1.6,0.0
1440,0.0,0.0,0.0
1441,0.9,1.9,1.2
1442,0.0,0.0,0.0
1443,0.5,1.3,0.9
1444,5.0,3.5,0.5
1445,0.0,0.0,0.0
1446,0.0,0.0,0.0
1447,0.0,0.0,0.0
1448,0.0,0.0,0.0
1449,1.9,1.1,0.0
1450,30.0,19.0,6.0
1451,1.6,4.2,1.2
1452,7.0,3.0,3.0
1453,0.8,0.0,1.0
1454,0.3,0.0,0.0
1455,1.1,0.0,0.0
1456,0.0,1.0,0.0
1457,0.0,0.0,0.0
1458,0.3,1.4,0.0
1459,0.4,0.0,0.0
1460,2.0,0.0,0.0
1461,0.4,0.0,0.0
1462,0.0,1.0,1.0
1463,0.8,0.0,0.0
1464,0.4,0.0,0.0
1465,0.2,0.0,0.0
1466,0.2,0.0,0.0
1467,0.5,0.0,0.0
1468,0.4,0.0,0.0
1469,0.3,0.0,0.0
1470,0.2,0.0,0.0
1471,0.5,0.0,0.0
1472,1.0,1.2,0.0
1473,0.2,0.0,0.0
1474,0.8,0.0,0.0
1475,33.0,18.0,20.0
1476,29.2,10.8,4.1
1477,33.0,7.0,4.0
1478,21.5,12.5,5.0
1479,13.0,12.5,4.5
1480,10.0,8.0,2.6
1481,19.1,13.2,2.1
1482,8.0,11.0,2.0
1483,22.0,8.0,4.0
1484,5.0,2.6,2.0
1485,13.0,5.0,1.0
1486,25.0,7.0,12.0
1487,40.0,7.0,9.0
1488,9.0,3.0,0.0
1489,14.0,7.0,4.0
1490,17.0,5.0,3.0
1491,9.0,17.0,6.0
1492,6.6,5.2,1.6
1493,13.1,3.0,3.8
1494,10.0,3.0,2.0
1495,6.8,6.8,1.4
1496,15.5,8.0,1.5
1497,10.0,6.0,1.0
1498,3.5,0.5,0.0
1499,5.0,2.0,2.5
1500,5.0,2.0,1.0
1501,0.5,1.5,0.0
1502,1.0,1.0,0.0
1503,5.0,2.0,1.0
1504,0.2,0.0,0.0
1505,1.0,0.0,0.7
1506,3.0,2.0,1.0
1507,2.0,2.0,0.0
1508,2.0,2.0,0.0
1509,3.0,0.0,0.0
1510,5.0,1.0,0.0
1511,0.8,0.0,0.0
1512,1.0,2.0,1.0
1513,7.0,6.0,2.0
1514,1.6,0.0,0.0
1515,8.0,10.0,2.0
1516,1.0,3.0,1.0
1517,1.0,1.0,0.0
1518,3.5,0.5,0.0
1519,2.5,2.5,0.0
1520,5.0,3.0,1.0
1521,1.0,2.0,0.0
1522,2.0,0.0,0.0
1523,8.0,4.0,1.6
1524,0.4,0.0,0.0
1525,1.0,2.0,1.0
1526,3.5,5.5,1.0
1527,3.0,7.0,4.0
1528,8.0,5.0,1.0
1529,6.0,5.0,2.0
1530,8.0,3.0,1.0
1531,0.0,0.0,0.0
1532,4.0,2.0,0.0
1533,3.0,2.0,2.0
1534,0.4,0.0,0.0
1535,2.0,2.0,1.0
1536,2.0,1.0,0.0
1537,1.0,1.6,0.2
1538,1.3,0.0,0.0
1539,5.0,2.0,2.0
1540,4.0,5.0,1.0
1541,1.0,3.0,0.0
1542,1.0,1.0,0.2
1543,0.2,0.0,0.0
1544,3.8,4.9,4.6
1545,5.0,5.0,2.0
1546,1.0,0.0,0.0
1547,3.0,0.0,0.0
1548,1.0,1.0,0.0
1549,1.0,0.0,0.0
1550,8.0,4.0,2.0
1551,1.0,0.0,0.0
1552,3.0,2.0,1.0
1553,7.0,3.0,2.0
1554,1.0,1.0,2.0
1555,0.0,4.0,6.0
1556,2.0,2.0,3.0
1557,0.7,3.5,1.3
1558,7.0,4.0,1.0
1559,7.0,4.0,2.0
1560,4.0,2.0,1.0
1561,4.0,3.5,2.0
1562,2.6,1.1,0.9
1563,0.0,1.1,0.0
1564,2.7,0.0,0.0
1565,7.0,1.0,2.0
1566,3.0,1.0,2.0
1567,1.9,1.2,0.0
1568,1.5,0.5,0.0
1569,2.5,4.0,0.0
1570,4.0,3.0,1.0
1571,6.0,6.0,0.0
1572,3.0,1.0,0.0
1573,8.0,6.0,4.0
1574,6.0,1.0,2.0
1575,1.0,0.0,0.0
1576,1.0,2.0,1.0
1577,10.0,3.0,2.0
1578,6.0,8.0,2.0
1579,6.0,2.0,2.0
1580,2.0,1.0,1.0
1581,3.0,1.0,0.0
1582,0.0,0.0,0.0
1583,1.0,0.0,0.0
1584,2.0,3.0,1.0
1585,3.0,3.0,0.6
1586,5.0,2.0,1.0
1587,45.0,38.0,8.0
1588,19.0,9.0,2.0
1589,17.0,22.0,2.0
1590,18.0,15.0,12.0
1591,4.0,3.0,3.0
1592,22.0,17.0,3.0
1593,5.0,8.0,5.0
1594,10.0,10.0,1.0
1595,10.0,4.0,6.0
1596,6.0,7.0,2.0
1597,20.0,15.0,3.0
1598,13.0,8.0,2.0
1599,13.0,9.0,5.0
1600,18.0,5.0,9.0
1601,17.0,5.0,1.0
1602,26.0,3.0,3.0
1603,7.6,9.4,8.0
1604,8.0,4.0,2.0
1605,13.0,3.0,3.0
1606,8.0,12.0,0.0
1607,4.0,4.0,2.0
1608,5.6,4.1,2.9
1609,1.5,0.5,0.0
1610,1.0,0.0,0.0
1611,0.0,0.0,2.0
1612,2.1,1.0,0.0
1613,3.0,2.5,1.5
1614,0.4,0.0,0.0
1615,2.0,1.2,0.8
1616,0.6,0.4,0.2
1617,0.5,0.0,0.0
1618,1.0,1.0,0.0
1619,10.0,5.0,2.5
1620,0.4,0.0,0.0
1621,0.3,0.0,0.0
1622,0.3,0.0,0.0
1623,10.0,12.0,3.0
1624,1.6,0.4,0.0
1625,0.4,0.0,0.0
1626,6.0,5.0,0.0
1627,1.0,0.5,0.5
1628,0.0,1.5,0.0
1629,0.6,0.6,0.0
1630,13.2,4.4,2.5
1631,2.0,2.0,0.0
1632,1.0,0.0,0.0
1633,3.0,4.0,0.5
1634,4.0,3.0,1.0
1635,0.5,0.2,0.0
1636,4.5,0.5,0.0
1637,4.0,1.0,0.0
1638,4.0,1.8,0.7
1639,1.0,0.5,0.7
1640,0.6,0.4,0.0
1641,3.0,2.0,0.0
1642,1.5,0.5,0.0
1643,10.2,4.9,0.9
1644,0.4,1.8,0.0
1645,6.0,4.0,3.0
1646,1.0,0.0,0.0
1647,2.0,3.2,0.8
1648,5.0,3.0,0.0
1649,4.0,3.0,2.0
1650,0.6,0.4,0.0
1651,2.7,1.0,0.3
1652,0.6,0.4,0.0
1653,1.2,0.8,0.0
1654,4.0,3.0,11.0
1655,5.0,3.0,1.0
1656,1.3,0.8,0.6
1657,2.5,2.5,2.5
1658,0.5,0.0,0.0
1659,1.2,0.9,0.0
1660,0.4,0.0,0.0
1661,0.8,0.0,0.0
1662,2.0,0.5,0.0
1663,0.7,0.0,0.0
1664,2.1,1.4,0.5
1665,5.0,3.0,2.0
1666,3.0,6.0,1.0
1667,1.8,0.7,0.0
1668,0.5,0.3,0.0
1669,4.0,2.0,1.0
1670,0.0,1.6,0.4
1671,0.5,0.0,0.0
1672,2.0,1.0,0.0
1673,0.3,0.0,0.0
1674,0.3,0.0,0.0
1675,2.0,1.0,0.0
1676,8.0,2.0,2.0
1677,0.3,2.3,0.0
1678,0.2,0.7,0.0
1679,1.2,0.3,0.0
1680,2.5,1.0,0.0
1681,3.0,2.0,2.0
1682,4.0,8.0,3.0
1683,2.3,0.6,0.1
1684,1.3,0.5,0.0
1685,0.7,0.5,0.1
1686,5.0,2.0,2.0
1687,5.0,1.0,2.0
1688,1.5,0.5,0.0
1689,1.5,0.0,0.0
1690,4.0,5.0,1.0
1691,1.5,0.0,0.0
1692,3.2,1.0,0.3
1693,5.0,12.0,5.0
1694,1.0,1.6,0.9
1695,0.8,0.0,0.0
1696,0.5,0.7,0.1
1697,1.1,1.2,0.0
1698,0.2,0.0,0.0
1699,7.0,3.0,2.0
1700,4.0,1.0,0.0
1701,1.8,1.2,0.0
1702,0.3,0.4,0.3
1703,2.0,3.0,0.0
1704,2.0,2.0,1.0
1705,19.2,17.9,7.4
1706,5.4,5.2,1.2
1707,5.0,5.9,0.1
1708,2.7,5.6,0.0
1709,2.0,9.0,4.0
1710,5.0,6.0,1.0
1711,3.0,7.5,1.5
1712,2.0,5.5,0.0
1713,5.5,3.6,2.2
1714,0.2,1.4,1.4
1715,1.2,0.0,0.0
1716,0.2,0.9,1.6
1717,1.3,0.0,0.0
1718,0.0,1.3,0.0
1719,0.9,2.1,1.2
1720,0.6,3.1,0.0
1721,0.6,3.9,0.9
1722,3.0,2.0,0.4
1723,0.4,1.1,0.0
1724,0.5,0.5,0.0
1725,2.2,1.2,0.9
1726,0.2,3.4,0.0
1727,1.5,0.0,0.0
1728,0.5,0.0,0.0
1729,1.4,1.0,0.0
1730,2.0,0.5,0.0
1731,1.2,1.2,3.2
1732,0.7,0.0,0.0
1733,2.0,1.9,1.4
1734,1.0,0.0,0.0
1735,1.2,1.2,0.0
1736,0.3,1.1,0.0
1737,1.0,0.0,0.0
1738,0.3,0.0,0.0
1739,5.0,2.5,0.0
1740,3.0,3.0,0.0
1741,0.4,1.2,0.9
1742,1.4,0.0,0.0
1743,0.8,0.5,0.0
1744,0.2,0.0,0.0
1745,2.0,0.0,0.0
1746,0.9,0.5,0.0
1747,3.2,2.5,0.0
1748,1.5,0.5,0.0
1749,0.0,0.4,0.0
1750,1.7,0.5,0.3
1751,0.9,1.8,0.0
1752,2.8,0.0,0.0
1753,0.6,1.4,0.0
1754,1.0,0.0,0.0
1755,0.8,0.4,0.0
1756,1.1,0.0,0.0
1757,2.0,10.0,2.0
1758,1.2,0.0,0.0
1759,1.4,1.1,0.9
1760,0.1,3.2,0.0
1761,0.5,0.0,0.0
1762,0.3,2.5,0.2
1763,0.1,1.1,0.0
1764,3.3,4.5,2.8
1765,0.4,5.7,0.0
1766,0.5,1.0,0.0
1767,0.0,0.9,0.0
1768,0.9,1.1,1.4
1769,2.0,3.0,0.0
1770,3.0,4.0,0.0
1771,0.3,0.0,0.0
1772,0.0,0.3,0.0
1773,0.1,1.1,0.5
1774,1.0,3.0,0.0
1775,2.6,1.6,0.0
1776,0.8,2.5,0.0
1777,3.5,3.6,0.5
1778,0.4,0.2,0.0
1779,1.0,1.9,0.5
1780,0.7,2.6,1.1
1781,2.2,2.6,0.0
1782,0.0,0.4,0.0
1783,1.9,0.1,0.0
1784,1.1,0.9,0.0
1785,1.5,0.2,0.0
1786,1.5,0.8,0.6
1787,1.5,1.7,0.0
1788,0.3,0.7,0.0
1789,0.8,1.6,0.6
1790,0.9,0.0,0.0
1791,0.1,0.5,0.0
1792,0.0,0.9,0.0
1793,2.9,2.5,0.3
1794,3.0,5.0,2.0
1795,0.2,1.4,0.0
1796,1.3,1.0,0.0
1797,0.0,1.5,0.0
1798,5.0,3.1,1.5
1799,1.1,0.8,0.0
1800,0.9,0.0,0.0
1801,0.2,0.4,0.0
1802,2.4,1.2,0.0
1803,1.0,0.4,0.0
1804,0.4,1.4,0.4
1805,3.0,1.0,1.0
1806,3.2,3.8,0.0
1807,0.8,0.0,0.0
1808,3.4,0.6,0.0
1809,0.5,0.9,0.0
1810,0.7,0.6,0.0
1811,0.9,0.0,0.0
1812,4.2,1.3,0.0
1813,1.6,0.3,0.0
1814,1.0,0.0,0.0
1815,0.4,2.0,0.4
1816,0.5,1.6,1.5
1817,1.0,0.7,0.7
1818,2.3,7.6,0.5
1819,1.5,3.6,0.5
1820,1.2,0.3,0.0
1821,0.2,0.5,0.0
1822,0.5,0.8,0.0
1823,2.2,1.9,0.0
1824,2.4,0.7,0.0
1825,1.2,3.6,0.0
1826,0.5,0.0,0.0
1827,0.9,0.0,0.0
1828,1.0,0.6,0.2
1829,1.7,0.8,0.8
1830,0.7,0.2,0.0
1831,0.0,0.0,0.0
1832,0.0,0.0,0.0
1833,0.0,0.0,0.0
1834,0.0,0.0,0.0
1835,0.0,0.0,0.0
1836,0.0,0.0,0.0
1837,0.0,0.0,0.0
1838,0.0,0.0,0.0
1839,0.0,0.0,0.0
1840,13.9,19.5,16.0
1841,4.5,4.0,3.0
1842,3.7,9.8,2.5
1843,2.8,5.1,4.0
1844,7.2,6.2,0.0
1845,6.6,6.4,1.8
1846,6.0,24.0,2.0
1847,5.0,23.0,3.0
1848,8.0,22.0,4.0
1849,5.7,1.6,0.0
1850,8.5,7.5,4.0
1851,7.0,14.0,5.0
1852,3.6,7.4,0.0
1853,6.8,6.1,2.6
1854,3.1,8.5,0.0
1855,0.3,0.1,0.0
1856,2.5,2.5,1.0
1857,10.5,16.0,4.5
1858,14.0,12.0,1.5
1859,2.9,1.8,4.0
1860,0.3,0.0,0.0
1861,3.0,4.0,1.0
1862,2.4,2.3,0.0
1863,7.4,0.6,0.0
1864,7.0,9.0,0.0
1865,2.0,3.5,0.5
1866,1.8,5.3,0.9
1867,7.0,13.0,0.0
1868,3.0,3.4,1.6
1869,6.0,2.0,0.0
1870,0.6,1.0,0.6
1871,6.0,5.0,6.6
1872,10.1,7.3,0.6
1873,1.5,5.0,1.5
1874,7.0,4.0,1.0
1875,0.0,13.0,0.0
1876,4.1,2.7,4.1
1877,1.5,1.0,0.0
1878,2.0,0.0,0.0
1879,0.0,0.0,0.2
1880,0.3,0.3,0.0
1881,2.5,1.5,0.0
1882,2.6,1.2,0.4
1883,0.5,0.2,0.3
1884,0.8,0.8,0.8
1885,10.0,1.3,0.5
1886,1.2,0.0,0.0
1887,1.0,0.0,0.0
1888,4.0,0.0,0.0
1889,0.3,0.0,0.0
1890,1.8,0.0,0.0
1891,0.8,0.0,0.0
1892,4.0,0.0,0.0
1893,0.5,0.5,0.5
1894,0.6,0.0,0.0
1895,1.2,0.8,0.0
1896,0.7,0.3,0.0
1897,0.6,0.0,0.0
1898,0.2,0.2,0.0
1899,0.6,0.4,0.0
1900,0.4,0.0,0.0
1901,0.5,0.5,0.0
1902,0.4,0.2,0.0
1903,1.2,0.8,0.0
1904,0.0,0.7,0.0
1905,1.3,0.7,0.0
1906,0.3,0.0,0.0
1907,0.3,0.0,0.0
1908,0.5,0.0,0.0
1909,0.5,0.4,0.1
1910,1.2,0.8,0.0
1911,0.8,0.0,0.0
1912,2.0,0.0,0.0
1913,1.0,0.0,0.0
1914,0.3,0.0,0.0
1915,0.6,0.0,0.0
1916,0.3,0.0,0.0
1917,0.5,0.0,0.0
1918,1.0,0.0,0.0
1919,1.0,1.0,0.0
1920,0.7,0.3,0.0
1921,6.0,3.0,0.0
1922,0.5,0.5,0.0
1923,6.0,4.0,0.0
1924,0.7,0.0,0.0
1925,0.6,0.0,0.0
1926,1.5,0.3,0.0
1927,0.5,0.0,0.0
1928,0.5,0.0,0.0
1929,0.5,0.0,0.0
1930,0.3,0.0,0.0
1931,0.1,0.0,0.0
1932,2.0,0.0,0.0
1933,0.3,0.0,0.0
1934,1.0,0.0,0.0
1935,1.0,0.0,0.0
1936,0.2,0.0,0.0
1937,0.2,0.0,0.0
1938,0.9,0.3,0.0
1939,0.5,0.0,0.0
1940,0.3,0.0,0.0
1941,0.0,0.2,0.0
1942,0.6,0.0,0.0
1943,0.9,0.0,0.0
1944,1.0,0.0,0.0
1945,0.6,0.4,0.0
1946,0.3,0.0,0.0
1947,0.1,0.0,0.0
1948,0.2,0.0,0.0
1949,0.0,0.3,0.0
1950,0.5,0.0,0.0
1951,0.2,0.2,0.0
1952,0.7,0.0,0.0
1953,0.4,0.0,0.0
1954,0.5,0.4,0.1
1955,0.5,0.5,0.0
1956,1.0,0.0,0.0
1957,5.5,4.0,0.0
1958,0.2,0.0,0.0
1959,0.3,0.0,0.0
1960,0.5,0.0,0.0
1961,0.5,0.0,0.0
1962,0.2,0.2,0.0
1963,0.8,0.0,0.0
1964,0.5,0.5,0.0
1965,0.4,0.0,0.0
1966,0.3,0.0,0.0
1967,0.8,0.0,0.0
1968,0.6,0.0,0.0
1969,0.5,0.0,0.0
1970,0.4,0.0,0.0
1971,0.5,0.0,0.0
1972,0.3,0.0,0.0
1973,1.0,0.0,0.0
1974,0.8,0.4,0.0
1975,0.2,0.0,0.0
1976,0.3,0.0,0.0
1977,1.0,0.0,0.0
1978,0.8,0.2,0.0
1979,0.4,0.0,0.0
1980,0.4,0.0,0.0
1981,0.3,0.0,0.0
1982,2.0,0.0,0.0
1983,0.2,0.0,0.0
1984,0.3,0.0,0.0
1985,0.3,0.0,0.0
1986,0.3,0.0,0.0
1987,0.0,0.0,0.0
1988,1.9,1.8,0.6
1989,0.4,0.0,0.0
1990,0.4,0.2,0.2
1991,0.4,0.0,0.0
1992,0.2,0.0,0.0
1993,0.3,0.0,0.0
1994,0.2,0.0,0.0
1995,0.3,0.0,0.0
1996,7.0,6.0,2.0
1997,0.5,0.0,0.0
1998,0.5,0.0,0.0
1999,0.8,0.5,0.0
2000,0.3,0.0,0.0
2001,1.5,0.2,0.0
2002,0.3,0.0,0.0
2003,0.7,1.2,0.0
2004,0.5,0.0,0.0
2005,1.0,0.8,0.0
2006,2.0,4.0,0.0
2007,0.3,0.0,0.0
2008,0.1,0.4,0.0
2009,0.3,0.0,0.0
2010,0.2,0.0,0.0
2011,0.2,0.0,0.0
2012,0.3,0.0,0.0
2013,4.5,2.5,1.0
2014,0.6,0.0,0.0
2015,0.2,0.0,0.0
2016,0.2,0.0,0.0
2017,0.2,0.0,0.0
2018,0.2,0.0,0.0
2019,0.0,0.2,0.0
2020,0.0,0.0,0.0
2021,0.4,0.0,0.0
2022,0.2,0.0,0.0
2023,0.4,0.0,0.0
2024,0.3,0.0,0.0
2025,0.6,0.0,0.0
2026,1.0,0.0,0.0
2027,0.3,0.0,0.0
2028,0.0,0.5,0.0
2029,0.2,0.1,0.0
2030,0.2,0.0,0.0
2031,0.3,0.0,0.0
2032,0.0,0.3,0.0
2033,1.2,0.8,0.0
2034,0.0,0.3,0.0
2035,0.2,0.0,0.0
2036,0.2,0.0,0.0
2037,0.4,0.0,0.0
2038,0.3,0.0,0.0
2039,1.7,0.2,0.1
2040,3.3,1.1,1.0
2041,0.4,0.6,0.0
2042,0.2,0.0,0.0
2043,0.3,0.0,0.0
2044,1.0,0.0,0.0
2045,1.0,0.0,0.0
2046,0.1,0.1,0.0
2047,0.3,0.0,0.0
2048,0.0,0.5,0.0
2049,1.1,0.0,0.0
2050,2.2,0.0,0.0
2051,1.0,0.0,0.0
2052,0.5,0.0,0.0
2053,0.4,1.2,0.0
2054,0.4,0.0,0.0
2055,0.6,1.5,0.0
2056,0.0,0.2,0.0
2057,0.3,0.0,0.0
2058,0.5,0.0,0.0
2059,0.6,0.1,0.0
2060,1.2,2.4,0.2
2061,0.3,0.0,0.0
2062,0.2,0.0,0.0
2063,0.5,0.0,0.0
2064,0.2,0.0,0.0
2065,2.0,0.0,0.0
2066,0.6,0.5,0.0
2067,0.4,0.0,0.0
2068,1.0,0.3,0.0
2069,0.5,0.0,0.0
2070,0.3,0.0,0.0
2071,1.0,0.0,0.0
2072,0.4,0.3,0.0
2073,0.5,0.0,0.0
2074,0.2,0.0,0.0
2075,1.6,0.3,0.1
2076,0.5,0.3,0.0
2077,0.2,0.3,0.0
2078,0.5,0.0,0.0
2079,0.2,0.0,0.0
2080,0.4,0.0,0.0
2081,0.3,0.0,0.0
2082,0.3,0.2,0.0
2083,0.3,0.0,0.0
2084,0.2,0.0,0.0
2085,0.2,0.2,0.0
2086,0.3,0.0,0.0
2087,0.6,0.0,0.0
2088,0.8,0.0,0.0
2089,2.0,0.0,0.0
2090,1.0,0.3,0.0
2091,0.3,0.0,0.0
2092,0.6,0.0,0.0
2093,0.5,0.0,0.0
2094,0.4,0.0,0.0
2095,0.6,0.0,0.0
2096,0.2,0.0,0.0
2097,0.3,0.0,0.0
2098,2.0,0.0,0.0
2099,0.0,0.5,1.0
2100,0.7,0.5,0.0
2101,0.0,0.8,0.0
2102,0.2,0.0,0.0
2103,0.4,0.1,0.0
2104,0.3,0.0,0.0
2105,0.5,0.0,0.0
2106,1.1,0.0,0.0
2107,0.3,0.0,0.0
2108,0.5,0.0,0.0
2109,2.1,14.7,0.0
2110,0.8,0.2,0.0
2111,0.3,0.0,0.0
2112,0.3,0.0,0.0
2113,0.2,0.0,0.0
2114,0.2,0.0,0.0
2115,0.3,0.0,0.0
2116,0.3,0.0,0.0
2117,2.0,1.0,0.0
2118,2.6,2.7,0.0
2119,0.4,0.0,0.0
2120,0.3,0.0,0.0
2121,0.3,0.0,0.0
2122,0.7,0.0,0.0
2123,0.0,1.0,0.0
2124,0.4,0.0,0.0
2125,0.5,0.0,0.0
2126,0.3,0.0,0.0
2127,0.3,0.0,0.0
2128,0.2,0.0,0.0
2129,0.3,0.0,0.0
2130,0.5,0.1,0.0
2131,0.5,0.0,0.0
2132,1.0,0.0,0.0
2133,0.4,0.0,0.0
2134,0.3,0.0,0.0
2135,0.6,0.0,0.0
2136,1.8,0.0,0.0
2137,0.7,1.4,0.0
2138,0.3,0.2,0.0
2139,0.8,4.2,1.0
2140,0.3,0.0,0.0
2141,0.4,0.5,0.0
2142,0.2,0.0,0.0
2143,0.9,0.7,0.7
2144,0.6,0.0,0.0
2145,0.2,0.0,0.0
2146,0.5,0.0,0.0
2147,0.2,0.0,0.0
2148,2.5,0.0,0.0
2149,0.4,0.0,0.0
2150,1.0,1.0,1.0
2151,0.0,0.0,0.0
2152,0.0,0.5,0.0
2153,3.5,0.0,0.0
2154,0.0,0.4,0.0
2155,4.2,0.0,0.0
2156,0.3,0.0,0.0
2157,1.0,0.3,0.0
2158,0.7,0.0,0.0
2159,0.3,0.0,0.0
2160,0.4,0.3,0.0
2161,0.0,0.4,0.0
2162,2.0,1.0,1.0
2163,0.8,0.4,0.0
2164,0.5,0.0,0.0
2165,0.0,1.0,0.0
2166,0.3,0.0,0.0
2167,2.0,3.0,1.0
2168,0.2,0.0,0.0
2169,0.3,0.0,0.0
2170,0.4,0.0,0.0
2171,1.4,0.0,0.0
2172,1.5,0.0,0.0
2173,0.5,0.0,0.0
2174,0.2,0.0,0.0
2175,2.0,1.0,0.0
2176,1.0,1.8,0.0
2177,0.4,0.0,0.0
2178,0.3,0.0,0.0
2179,2.3,1.7,0.0
2180,1.2,0.0,0.0
2181,0.3,0.0,0.0
2182,0.5,0.0,0.0
2183,0.5,0.0,0.0
2184,0.7,1.6,0.2
2185,0.2,0.0,0.0
2186,0.5,0.0,0.0
2187,0.1,0.4,0.0
2188,0.3,0.0,0.0
2189,0.3,0.0,0.0
2190,0.3,0.0,0.0
2191,0.2,0.0,0.0
2192,1.1,0.9,0.2
2193,1.0,0.0,0.0
2194,0.0,0.4,0.0
2195,1.2,0.0,0.0
2196,0.3,0.0,0.0
2197,0.3,0.0,0.0
2198,0.1,0.0,0.0
2199,0.3,0.0,0.0
2200,0.4,0.0,0.0
2201,0.4,0.0,0.0
2202,0.3,0.0,0.0
2203,1.0,0.5,0.0
2204,0.6,0.8,0.0
2205,0.3,0.0,0.0
2206,1.0,0.5,0.5
2207,0.7,0.6,0.0
2208,0.8,0.0,0.0
2209,0.3,0.0,0.0
2210,0.3,0.0,0.0
2211,1.5,1.4,0.0
2212,0.5,0.0,0.0
2213,0.1,0.4,0.0
2214,0.5,0.3,0.0
2215,1.2,1.0,0.0
2216,0.2,0.0,0.0
2217,0.2,0.0,0.0
2218,0.3,0.0,0.0
2219,0.4,0.0,0.0
2220,0.1,0.7,0.0
2221,1.0,0.0,0.0
2222,0.4,0.0,0.0
2223,0.4,0.0,0.0
2224,1.2,0.0,0.0
2225,0.4,0.0,0.0
2226,0.2,0.0,0.0
2227,0.3,0.0,0.0
2228,0.5,0.0,0.0
2229,1.5,0.0,0.0
2230,0.5,0.0,0.0
2231,0.8,0.0,0.0
2232,6.0,7.0,2.0
2233,0.3,0.0,0.0
2234,0.5,0.0,0.0
2235,0.4,0.0,0.0
2236,5.0,8.0,0.0
2237,0.3,0.0,0.0
2238,0.5,0.0,0.0
2239,1.0,0.0,0.0
2240,0.0,0.0,4.0
2241,0.4,0.0,0.0
2242,0.3,0.0,0.0
2243,0.1,0.0,0.0
2244,0.5,0.0,0.0
2245,0.3,0.0,0.0
2246,0.2,0.0,0.0
2247,0.3,1.0,0.4
2248,1.2,0.0,0.0
2249,0.2,0.0,0.0
2250,0.3,0.0,0.0
2251,0.4,0.0,0.0
2252,1.4,1.5,0.0
2253,0.5,0.0,0.0
2254,0.5,0.0,0.0
2255,0.2,0.0,0.0
2256,0.0,0.3,0.0
2257,0.3,0.0,0.0
2258,0.7,0.0,0.0
2259,0.3,0.0,0.0
2260,0.4,0.1,0.0
2261,0.3,0.0,0.0
2262,1.5,1.0,0.5
2263,0.3,0.0,0.0
2264,4.0,0.0,0.0
2265,1.5,0.0,0.0
2266,0.0,0.2,0.0
2267,0.5,0.0,0.0
2268,0.5,0.0,0.0
2269,0.5,0.0,0.0
2270,0.2,0.0,0.0
2271,1.2,0.6,1.8
2272,0.7,0.0,0.0
2273,0.2,0.0,0.0
2274,0.2,0.0,0.0
2275,0.5,0.0,0.0
2276,2.1,1.8,0.0
2277,0.3,0.0,0.0
2278,1.0,6.0,5.0
2279,0.6,0.0,0.0
2280,1.0,0.0,0.0
2281,0.3,0.0,0.0
2282,0.4,0.0,0.0
2283,0.2,0.0,0.0
2284,0.6,0.0,0.0
2285,0.2,0.0,0.0
2286,0.0,0.4,0.0
2287,3.0,5.0,2.0
2288,2.5,2.5,0.0
2289,0.2,0.0,0.0
2290,0.2,0.0,0.0
2291,0.3,0.0,0.0
2292,0.3,0.0,0.0
2293,1.0,0.0,0.0
2294,0.7,0.0,0.2
2295,0.2,0.0,0.0
2296,0.0,0.4,0.0
2297,1.0,0.0,0.0
2298,0.4,0.1,0.0
2299,0.2,0.0,0.0
2300,0.2,0.0,0.0
2301,0.0,0.6,0.0
2302,0.6,0.4,0.0
2303,0.2,0.0,0.0
2304,0.5,0.0,0.0
2305,1.6,0.0,0.0
2306,0.7,0.0,0.0
2307,0.4,0.0,0.0
2308,0.2,0.0,0.0
2309,0.5,0.0,0.0
2310,2.0,1.0,0.0
2311,0.4,0.0,0.0
2312,0.2,0.0,0.0
2313,3.0,0.0,0.0
2314,0.5,0.0,0.0
2315,0.0,0.0,0.3
2316,0.3,0.0,0.0
2317,0.2,0.0,0.0
2318,1.2,0.4,0.0
2319,0.7,0.0,0.0
2320,2.0,0.0,0.0
2321,1.0,1.5,0.5
2322,0.5,0.0,0.0
2323,1.0,0.0,0.0
2324,0.3,0.0,0.0
2325,0.3,0.0,0.0
2326,0.5,0.0,0.0
2327,0.3,0.0,0.0
2328,0.4,0.0,0.0
2329,2.0,2.0,2.5
2330,1.0,0.0,0.0
2331,0.3,0.0,0.0
2332,0.2,0.2,0.0
2333,0.3,0.0,0.0
2334,0.4,0.1,0.0
2335,0.4,0.1,0.0
2336,0.5,0.0,0.0
2337,0.3,0.0,0.0
2338,0.0,0.5,0.0
2339,0.4,0.0,0.0
2340,1.0,0.0,0.0
2341,0.4,0.3,0.0
2342,1.0,0.8,0.0
2343,0.6,0.0,0.0
2344,0.8,0.2,0.0
2345,0.0,0.4,0.0
2346,1.7,0.5,0.8
2347,1.6,0.8,0.0
2348,1.2,0.0,0.0
2349,1.2,0.0,0.0
2350,0.2,0.0,0.0
2351,0.5,0.0,0.0
2352,0.1,0.0,0.0
2353,0.3,0.0,0.0
2354,0.2,0.0,0.0
2355,0.3,0.0,0.0
2356,0.9,0.0,0.0
2357,0.7,0.0,0.0
2358,0.4,0.0,0.0
2359,0.4,0.0,0.0
2360,0.0,0.6,0.0
2361,0.4,0.0,0.0
2362,0.0,0.8,0.0
2363,0.2,0.1,0.0
2364,0.0,0.2,0.0
2365,7.0,1.0,0.0
2366,0.4,0.4,0.0
2367,0.2,0.0,0.0
2368,1.0,0.0,0.0
2369,0.7,0.0,0.0
2370,0.4,0.0,0.0
2371,0.3,0.0,0.0
2372,0.5,0.0,0.0
2373,0.3,0.0,0.0
2374,0.3,0.0,0.0
2375,0.5,0.0,0.0
2376,1.0,0.0,0.0
2377,0.6,0.0,0.0
2378,1.1,1.0,1.0
2379,3.0,0.0,0.0
2380,0.5,0.0,0.0
2381,0.6,0.6,0.0
2382,0.8,0.1,0.1
2383,0.3,0.0,0.0
2384,1.1,0.0,0.0
2385,0.4,0.0,0.0
2386,0.3,0.0,0.0
2387,1.5,0.6,0.0
2388,0.3,0.0,0.0
2389,0.3,0.0,0.0
2390,0.2,0.0,0.0
2391,0.4,0.6,0.0
2392,1.0,1.0,0.5
2393,0.2,0.0,0.0
2394,0.2,0.0,0.0
2395,0.1,0.0,0.0
2396,0.1,0.0,0.0
2397,0.0,0.3,0.0
2398,0.2,0.0,0.0
2399,0.5,0.3,0.0
2400,1.0,1.0,0.0
2401,0.3,0.0,0.0
2402,0.4,0.6,0.2
2403,0.5,0.5,0.0
2404,1.0,0.0,0.0
2405,0.8,0.5,0.0
2406,0.4,0.0,0.0
2407,0.0,1.1,0.0
2408,0.5,0.0,0.0
2409,1.0,0.0,0.0
2410,0.2,0.0,0.0
2411,2.5,0.0,0.0
2412,0.5,0.0,0.0
2413,0.5,0.0,0.0
2414,0.0,0.3,0.0
2415,0.0,0.2,0.0
2416,0.4,0.0,0.0
2417,0.9,0.3,0.0
2418,0.5,0.5,0.0
2419,2.7,0.6,0.0
2420,0.4,0.0,0.0
2421,0.3,0.0,0.0
2422,0.2,0.0,0.0
2423,3.5,0.5,0.0
2424,1.3,0.7,0.0
2425,1.5,0.7,0.7
2426,0.6,0.0,0.0
2427,1.5,0.0,0.0
2428,0.2,0.0,0.0
2429,0.2,0.0,0.0
2430,0.5,0.0,0.0
2431,0.0,0.5,0.0
2432,0.7,0.0,0.0
2433,0.6,1.0,0.0
2434,0.3,0.0,0.0
2435,2.5,1.5,0.5
2436,1.5,2.0,1.5
2437,3.0,0.2,0.0
2438,1.8,0.2,0.0
2439,0.7,0.0,0.0
2440,0.3,0.0,0.0
2441,0.5,0.3,0.0
2442,1.5,1.2,0.9
2443,0.1,0.0,0.0
2444,0.1,0.0,0.0
2445,0.3,0.0,0.0
2446,0.2,0.0,0.0
2447,1.4,0.8,1.4
2448,1.0,1.0,0.0
2449,1.4,0.6,0.0
2450,1.0,0.0,0.0
2451,0.4,0.5,0.0
2452,0.3,0.0,0.0
2453,0.3,0.2,0.0
2454,0.3,0.0,0.0
2455,3.3,4.0,0.0
2456,2.5,4.0,0.5
2457,0.3,0.7,0.0
2458,0.4,0.0,0.0
2459,0.1,0.0,0.0
2460,0.6,0.0,0.0
2461,0.3,0.0,0.0
2462,0.3,0.0,0.0
2463,0.4,0.0,0.0
2464,1.3,0.0,0.0
2465,0.5,0.3,0.0
2466,0.3,0.0,0.0
2467,0.0,1.0,0.2
2468,0.2,0.0,0.0
2469,0.0,0.8,0.0
2470,0.7,0.2,0.1
2471,2.0,0.0,0.0
2472,0.1,0.0,0.0
2473,1.0,0.0,0.0
2474,0.5,0.0,0.0
2475,0.6,0.0,0.0
2476,0.4,0.2,0.0
2477,0.0,0.4,0.0
2478,0.9,0.0,0.0
2479,0.3,0.0,0.0
2480,1.9,5.2,0.0
2481,0.2,0.0,0.0
2482,2.0,1.0,0.5
2483,0.4,0.0,0.0
2484,4.0,0.0,0.0
2485,2.5,1.5,0.0
2486,0.5,0.0,0.0
2487,0.8,0.0,0.0
2488,0.4,0.1,0.1
2489,0.4,0.0,0.0
2490,1.0,0.0,0.0
2491,1.1,0.0,0.0
2492,0.3,0.0,0.0
2493,0.3,0.0,0.0
2494,0.0,0.6,0.0
2495,0.2,0.0,0.0
2496,0.2,0.0,0.0
2497,0.5,0.0,0.0
2498,0.6,0.0,0.0
2499,1.5,0.0,0.5
2500,0.2,0.0,0.0
2501,0.3,0.1,0.0
2502,1.0,0.2,0.0
2503,0.4,0.0,0.0
2504,0.2,0.0,0.0
2505,0.0,0.9,0.6
2506,1.1,2.2,1.2
2507,0.3,0.0,0.0
2508,0.2,0.0,0.0
2509,1.0,0.0,0.0
2510,0.5,0.0,0.0
2511,0.5,0.0,0.0
2512,0.0,0.0,3.2
2513,0.3,0.0,0.0
2514,0.3,0.0,0.0
2515,0.2,0.0,0.0
2516,0.0,0.2,0.0
2517,1.2,2.0,1.2
2518,0.3,0.0,0.0
2519,0.3,0.0,0.0
2520,0.2,0.0,0.0
2521,0.4,0.0,0.0
2522,0.8,0.0,0.0
2523,0.6,0.0,0.0
2524,0.0,7.0,4.2
2525,0.5,0.9,0.0
2526,0.4,0.0,0.0
2527,0.3,0.0,0.0
2528,0.3,0.0,0.0
2529,0.5,0.0,0.0
2530,0.3,0.0,0.0
2531,3.5,2.5,0.0
2532,0.4,0.0,0.0
2533,0.2,0.0,0.0
2534,0.5,0.0,0.0
2535,0.0,0.3,0.0
2536,0.5,0.0,0.0
2537,1.0,0.0,0.0
2538,0.5,0.0,0.0
2539,0.2,0.0,0.0
2540,0.2,0.2,0.0
2541,0.5,0.0,0.0
2542,0.0,0.4,0.0
2543,0.8,0.0,0.0
2544,0.7,0.0,0.0
2545,0.2,0.0,0.0
2546,0.7,0.5,0.0
2547,0.3,0.0,0.0
2548,0.6,0.0,0.0
2549,0.3,0.0,0.0
2550,0.7,0.3,0.0
2551,3.0,2.0,0.0
2552,0.8,0.0,0.0
2553,0.3,0.2,0.1
2554,0.5,0.0,0.0
2555,3.0,19.0,3.0
2556,4.5,7.0,1.0
2557,0.8,0.0,0.0
2558,1.5,2.0,0.5
2559,1.4,2.0,0.0
2560,0.5,1.0,0.0
2561,3.0,2.0,0.0
2562,1.0,0.0,0.0
2563,1.0,1.5,0.5
2564,1.5,0.5,0.0
2565,0.1,1.0,0.0
2566,1.0,5.0,0.6
2567,0.0,0.0,0.0
2568,2.5,1.5,0.0
2569,0.0,0.0,0.0
2570,6.0,3.0,0.5
2571,7.2,14.7,3.7
2572,8.4,6.9,3.7
2573,9.2,2.1,0.5
2574,5.5,5.3,0.7
2575,7.6,4.7,1.4
2576,2.0,14.5,1.0
2577,10.0,1.1,0.9
2578,1.3,0.9,0.7
2579,0.5,0.0,0.0
2580,1.0,1.5,0.5
2581,0.9,0.0,0.0
2582,0.6,0.8,0.0
2583,0.9,0.6,0.0
2584,1.1,0.4,0.0
2585,4.0,0.5,0.5
2586,1.0,0.8,0.0
2587,3.5,0.0,0.0
2588,0.4,0.0,0.0
2589,4.0,0.5,0.0
2590,0.5,0.0,0.0
2591,2.8,1.7,1.0
2592,2.9,2.7,0.0
2593,0.6,0.9,0.0
2594,0.3,0.9,0.0
2595,0.0,0.4,0.0
2596,2.0,3.8,1.0
2597,2.2,3.7,0.3
2598,0.5,0.0,0.0
2599,1.1,1.1,0.0
2600,1.9,0.4,0.0
2601,2.6,0.4,0.0
2602,2.3,2.3,0.5
2603,2.5,6.0,0.0
2604,0.6,0.5,0.0
2605,2.0,1.2,0.0
2606,0.6,0.0,0.0
2607,0.8,0.0,0.0
2608,1.5,1.0,0.0
2609,0.8,0.0,0.0
2610,4.3,2.9,0.0
2611,1.3,0.7,0.0
2612,3.7,3.0,1.3
2613,0.4,0.0,0.0
2614,1.3,1.8,0.8
2615,1.7,1.0,0.0
2616,1.0,0.0,0.0
2617,1.5,2.0,0.0
2618,0.3,0.0,0.0
2619,0.4,0.0,0.0
2620,0.2,0.0,0.0
2621,1.0,0.5,0.0
2622,0.4,0.0,0.0
2623,0.0,0.4,0.0
2624,1.5,1.0,0.0
2625,0.0,1.5,0.0
2626,2.2,0.9,1.4
2627,0.0,0.0,0.0
2628,0.7,0.0,0.0
2629,0.6,0.9,0.0
2630,1.0,0.9,0.0
2631,6.4,3.7,0.6
2632,0.3,0.0,0.0
2633,0.8,0.0,0.0
2634,0.5,0.0,0.0
2635,1.6,1.0,0.0
2636,1.3,0.0,0.0
2637,0.3,0.0,0.0
2638,1.5,2.6,0.2
2639,0.3,0.0,0.0
2640,0.4,0.0,0.0
2641,1.0,0.6,0.5
2642,1.0,0.7,0.0
2643,0.5,0.0,0.0
2644,0.9,0.3,0.0
2645,6.4,4.0,2.0
2646,0.3,0.5,0.2
2647,0.7,1.0,0.0
2648,0.6,0.0,0.0
2649,0.5,0.0,0.0
2650,0.7,0.4,0.5
2651,0.1,0.6,0.0
2652,2.5,1.0,0.0
2653,0.0,0.3,0.0
2654,0.3,0.0,0.0
2655,0.4,0.0,0.0
2656,0.5,0.2,0.0
2657,0.4,0.0,0.0
2658,1.9,0.0,0.0
2659,1.5,0.0,0.0
2660,0.8,0.2,0.0
2661,0.3,0.0,0.0
2662,0.5,1.7,0.0
2663,0.2,0.0,0.0
2664,0.1,0.0,0.0
2665,0.3,0.0,0.0
2666,0.2,0.6,0.0
2667,0.4,0.5,0.0
2668,0.4,1.4,0.0
2669,2.4,0.0,0.0
2670,1.9,0.0,0.0
2671,0.3,2.0,0.4
2672,1.4,1.2,0.0
2673,2.5,5.9,0.8
2674,0.3,0.0,0.0
2675,0.8,0.0,0.0
2676,0.3,0.0,0.0
2677,0.8,1.3,0.0
2678,0.4,0.0,0.0
2679,1.0,2.0,0.0
2680,0.3,0.2,0.0
2681,0.3,0.7,0.0
2682,0.6,0.0,0.0
2683,0.7,1.5,0.6
2684,1.3,0.6,0.0
2685,1.0,3.4,0.0
2686,0.9,0.0,0.0
2687,1.0,0.3,0.0
2688,0.7,0.0,0.0
2689,0.3,0.9,0.0
2690,1.2,0.5,0.0
2691,0.0,1.1,0.7
2692,1.0,0.0,0.0
2693,0.6,0.0,0.0
2694,2.1,3.6,0.8
2695,1.2,0.4,0.4
2696,1.5,0.0,0.0
2697,0.3,0.0,0.0
2698,0.3,0.0,0.0
2699,0.8,0.0,0.0
2700,1.0,0.0,0.0
2701,1.6,0.0,0.0
2702,0.6,0.0,0.0
2703,2.5,3.6,0.9
2704,0.2,0.0,0.0
2705,0.3,0.0,0.0
2706,0.8,1.0,0.0
2707,2.0,3.0,0.0
2708,1.3,0.7,0.0
2709,1.1,0.0,0.0
2710,0.5,0.0,0.0
2711,1.0,0.5,0.0
2712,0.3,0.0,0.0
2713,0.3,0.0,0.0
2714,1.5,0.8,0.8
2715,0.6,0.0,0.0
2716,0.4,0.8,0.0
2717,0.3,0.0,0.0
2718,0.2,0.9,0.0
2719,0.4,0.5,0.0
2720,0.6,0.6,0.0
2721,1.1,0.6,0.0
2722,1.0,2.0,1.0
2723,0.4,1.1,0.0
2724,2.4,1.2,0.0
2725,0.0,1.7,0.8
2726,1.0,0.6,0.0
2727,0.5,0.0,0.0
2728,0.0,0.5,0.0
2729,0.5,0.0,0.0
2730,0.0,0.5,0.0
2731,0.5,0.2,0.0
2732,1.2,0.6,0.0
2733,2.1,0.8,0.0
2734,4.4,0.7,0.0
2735,1.0,0.3,0.0
2736,1.1,0.0,0.0
2737,0.2,1.8,0.0
2738,0.3,0.6,0.0
2739,0.5,1.8,0.0
2740,1.3,1.3,0.0
2741,0.5,0.0,0.0
2742,0.2,0.0,0.0
2743,1.2,0.0,0.0
2744,1.6,1.9,0.0
2745,1.2,0.8,0.0
2746,1.4,1.7,0.5
2747,1.2,0.2,0.0
2748,1.0,0.0,0.0
2749,0.6,0.4,0.0
2750,0.6,0.5,0.0
2751,0.6,0.0,0.0
2752,1.7,0.7,0.0
2753,1.2,0.0,0.0
2754,0.3,0.3,0.5
2755,0.7,0.4,0.0
2756,0.3,0.2,0.0
2757,3.5,0.0,0.0
2758,1.0,0.0,0.0
2759,0.2,0.5,0.0
2760,0.4,0.6,0.0
2761,0.6,0.5,0.0
2762,0.1,0.4,0.0
2763,0.4,0.0,0.0
2764,3.0,1.0,0.0
2765,2.8,0.0,0.0
2766,0.7,0.0,0.0
2767,0.3,0.0,0.0
2768,6.5,3.8,0.0
2769,5.1,7.4,0.5
2770,0.0,0.3,0.0
2771,0.1,0.8,0.0
2772,0.5,0.0,0.0
2773,0.1,3.5,0.0
2774,2.0,0.7,0.0
2775,0.4,0.3,0.3
2776,0.5,0.4,0.0
2777,0.3,1.4,0.0
2778,0.8,0.0,0.0
2779,0.7,0.6,0.4
2780,2.5,1.2,0.9
2781,4.8,1.1,0.0
2782,0.9,1.4,0.0
2783,1.7,0.7,0.0
2784,1.0,0.5,0.0
2785,0.8,0.0,0.0
2786,0.9,0.7,0.0
2787,6.2,1.8,0.4
2788,0.7,0.3,0.0
2789,0.5,0.0,0.0
2790,0.7,0.4,0.0
2791,0.9,1.0,0.0
2792,2.0,5.0,1.0
2793,3.0,1.0,0.0
2794,0.2,0.8,0.0
2795,1.8,1.0,0.0
2796,0.5,1.3,0.0
2797,0.4,0.0,0.0
2798,1.5,1.5,1.0
2799,0.1,0.4,0.0
2800,0.5,0.0,0.0
2801,0.3,0.0,0.0
2802,0.5,0.4,0.0
2803,0.0,0.4,0.0
2804,1.4,0.0,0.0
2805,1.6,2.5,0.0
2806,0.0,0.5,0.0
2807,0.3,0.0,0.0
2808,2.4,0.0,0.0
2809,0.5,0.0,0.0
2810,0.8,0.0,0.0
2811,0.7,0.3,0.0
2812,0.4,0.0,0.0
2813,0.4,0.0,0.0
2814,0.5,0.0,0.0
2815,3.8,1.1,0.0
2816,0.5,1.7,0.0
2817,0.2,0.4,0.0
2818,0.3,0.5,0.0
2819,0.6,0.0,0.0
2820,0.4,0.0,0.0
2821,0.8,0.9,0.0
2822,1.5,1.4,0.8
2823,1.3,0.0,0.0
2824,3.5,3.6,0.9
2825,0.5,0.0,0.0
2826,0.3,1.9,0.0
2827,0.4,0.5,0.3
2828,1.5,0.5,0.0
2829,0.6,0.0,0.0
2830,2.3,1.3,0.0
2831,0.2,0.9,0.0
2832,0.5,0.3,0.0
2833,0.3,0.0,0.0
2834,1.1,0.0,0.0
2835,0.5,0.0,0.0
2836,1.2,0.0,0.0
2837,1.3,1.1,0.0
2838,4.8,2.2,0.6
2839,2.5,2.0,0.5
2840,1.2,0.0,0.0
2841,0.6,0.7,0.0
2842,2.0,1.0,0.0
2843,1.0,0.5,0.0
2844,3.6,0.0,0.0
2845,0.7,0.0,0.0
2846,0.5,0.0,0.0
2847,0.8,0.9,0.0
2848,1.5,0.0,0.0
2849,0.7,1.1,0.0
2850,0.3,0.0,0.0
2851,0.7,1.6,0.0
2852,0.6,0.0,0.0
2853,1.5,0.0,0.0
2854,0.4,0.3,0.0
2855,0.6,0.0,0.0
2856,1.8,2.6,1.4
2857,0.8,0.0,0.0
2858,5.2,3.0,0.0
2859,0.6,1.2,0.0
2860,0.9,0.7,0.0
2861,1.1,1.1,0.0
2862,1.0,1.6,0.0
2863,0.2,0.2,0.0
2864,0.2,0.0,0.0
2865,0.1,0.4,0.0
2866,1.0,0.0,0.0
2867,0.3,0.2,0.0
2868,1.3,0.7,0.0
2869,0.8,1.0,0.0
2870,0.0,0.4,0.0
2871,1.5,0.7,0.0
2872,9.5,12.5,0.0
2873,7.0,15.0,8.0
2874,23.5,13.0,5.0
2875,4.2,6.3,0.0
2876,9.0,6.0,3.0
2877,4.0,6.0,2.0
2878,12.0,10.0,1.0
2879,10.0,8.0,2.0
2880,4.0,3.0,1.0
2881,0.2,0.3,0.1
2882,0.6,0.4,0.0
2883,0.5,0.2,0.0
2884,0.4,0.0,0.0
2885,2.9,4.9,0.7
2886,0.6,0.0,0.0
2887,0.4,0.0,0.0
2888,3.0,2.5,1.5
2889,0.2,0.0,0.0
2890,3.1,3.3,1.6
2891,0.5,0.5,0.0
2892,0.4,0.0,0.0
2893,0.8,0.0,0.0
2894,0.3,0.0,0.0
2895,0.2,1.3,0.0
2896,0.9,1.6,0.6
2897,0.0,0.4,0.0
2898,0.1,0.2,0.0
2899,0.0,1.0,0.0
2900,1.0,1.0,1.0
2901,1.0,0.0,0.0
2902,0.0,1.7,0.0
2903,0.1,0.0,0.0
2904,0.6,1.1,0.5
2905,1.3,0.5,0.5
2906,0.7,0.3,0.0
2907,2.0,8.5,1.5
2908,0.1,0.3,0.0
2909,0.6,0.6,0.0
2910,0.4,0.2,0.0
2911,0.4,0.0,0.0
2912,2.0,4.0,1.0
2913,3.0,2.0,0.0
2914,1.0,0.3,0.0
2915,0.4,1.2,0.4
2916,1.4,1.4,0.0
2917,0.8,0.6,0.4
2918,0.3,1.9,0.8
2919,0.5,0.6,0.0
2920,0.5,0.0,0.0
2921,6.0,5.0,3.0
2922,1.0,2.0,3.0
2923,0.0,0.0,0.0
2924,0.0,0.0,0.0
2925,22.4,9.8,4.4
2926,14.4,3.9,0.0
2927,2.0,2.0,0.0
2928,3.5,11.5,0.0
2929,13.0,7.8,0.2
2930,3.3,6.7,2.0
2931,1.5,6.2,1.6
2932,1.3,2.3,1.0
2933,1.0,0.2,0.0
2934,2.1,1.0,0.9
2935,2.0,0.0,0.0
2936,1.0,0.0,0.0
2937,0.8,0.3,0.0
2938,1.1,0.5,0.0
2939,2.0,0.4,0.1
2940,0.8,0.0,0.0
2941,1.1,0.0,0.0
2942,0.3,0.0,0.0
2943,0.0,0.3,0.0
2944,0.4,0.0,0.0
2945,0.5,0.5,0.0
2946,0.0,0.5,0.0
2947,1.5,1.2,0.8
2948,2.4,0.0,0.0
2949,0.1,0.0,0.0
2950,1.1,1.4,0.0
2951,0.5,0.0,0.0
2952,0.2,0.0,0.0
2953,1.4,0.0,0.0
2954,0.0,0.0,0.0
2955,0.4,0.0,0.0
2956,0.8,0.0,0.0
2957,0.4,0.2,0.0
2958,0.1,0.0,0.0
2959,0.5,0.0,0.0
2960,0.9,0.0,0.0
2961,0.3,0.0,0.0
2962,0.5,0.0,0.0
2963,1.9,0.9,0.0
2964,0.8,0.0,0.0
2965,4.0,2.0,0.0
2966,0.7,0.5,0.0
2967,2.6,2.0,0.0
2968,0.5,0.0,0.0
2969,1.0,1.5,0.0
2970,1.1,0.6,0.0
2971,0.2,0.0,0.0
2972,0.0,0.5,0.0
2973,2.0,2.0,0.0
2974,0.4,0.0,0.0
2975,0.3,0.0,0.0
2976,0.8,0.0,0.0
2977,0.4,0.0,0.0
2978,0.1,0.5,0.0
2979,1.6,0.9,0.0
2980,0.7,0.0,0.0
2981,7.0,4.0,0.0
2982,1.5,0.0,0.8
2983,0.0,0.0,0.0
2984,0.3,0.0,0.0
2985,0.4,0.0,0.0
2986,0.6,0.4,0.0
2987,0.7,0.0,0.0
2988,0.0,0.0,0.0
2989,0.6,0.6,0.0
2990,0.2,0.0,0.0
2991,1.0,2.0,0.0
2992,0.0,0.0,0.0
2993,1.5,0.4,0.0
2994,2.6,0.8,0.0
2995,2.5,0.5,0.0
2996,0.4,0.0,0.0
2997,1.8,0.0,0.0
2998,1.1,2.0,0.9
2999,1.8,0.0,0.0
3000,0.7,0.0,0.0
3001,0.2,0.6,0.0
3002,0.9,6.5,1.0
3003,0.6,0.0,0.0
3004,1.9,0.8,0.6
3005,0.7,0.4,0.0
3006,0.3,0.0,0.0
3007,0.8,0.8,0.6
3008,1.0,0.5,0.0
3009,1.0,1.0,0.2
3010,1.1,0.0,0.0
3011,0.4,0.0,0.0
3012,0.8,0.0,0.0
3013,1.0,0.5,0.0
3014,2.5,0.9,0.0
3015,1.8,0.0,0.0
3016,1.6,0.0,0.0
3017,0.6,0.3,0.0
3018,0.5,0.0,0.0
3019,0.5,0.0,0.0
3020,0.6,0.0,0.0
3021,0.1,0.3,0.0
3022,1.4,0.8,0.0
3023,0.4,0.3,0.6
3024,0.0,0.0,0.0
3025,0.0,0.0,0.0
3026,1.0,0.6,0.0
3027,0.3,2.5,0.0
3028,0.7,0.7,0.0
3029,1.6,0.7,0.0
3030,0.4,0.0,0.0
3031,0.8,0.0,0.0
3032,1.2,1.2,0.7
3033,3.5,1.0,0.0
3034,0.3,0.0,0.0
3035,1.4,1.0,0.3
3036,0.0,1.4,0.0
3037,3.0,0.0,0.0
3038,0.2,0.0,0.0
3039,0.6,0.0,0.0
3040,0.2,0.0,0.0
3041,0.8,0.8,0.0
3042,3.0,0.3,0.0
3043,1.1,0.4,0.0
3044,0.3,1.0,0.0
3045,0.9,0.0,0.0
3046,0.6,0.0,0.0
3047,1.5,0.7,0.0
3048,0.0,0.4,0.0
3049,0.3,0.0,0.0
3050,2.0,1.0,1.0
3051,1.2,1.1,0.0
3052,0.3,0.0,0.0
3053,1.4,0.0,0.0
3054,0.3,0.2,0.0
3055,1.5,1.0,1.3
3056,0.5,0.0,0.0
3057,0.8,0.5,0.0
3058,0.5,0.0,0.0
3059,2.0,2.3,0.0
3060,1.0,0.0,0.0
3061,1.2,0.5,0.1
3062,0.4,0.0,0.0
3063,1.0,0.0,0.0
3064,0.4,0.0,0.0
3065,0.4,0.9,0.0
3066,0.0,0.0,0.0
3067,1.0,1.0,0.0
3068,0.5,0.4,0.0
3069,0.9,0.0,0.0
3070,0.2,0.0,0.0
3071,0.6,0.0,0.0
3072,1.2,0.0,0.0
3073,3.0,1.0,0.0
3074,1.9,0.4,0.0
3075,0.5,0.0,0.0
3076,0.3,0.0,0.0
3077,2.0,5.0,1.0
3078,0.3,0.0,0.0
3079,0.7,0.0,0.0
3080,0.7,0.0,0.0
3081,0.4,0.0,0.0
3082,0.6,0.4,0.0
3083,1.5,0.5,0.0
3084,0.4,0.0,0.0
3085,0.5,0.0,0.0
3086,1.0,1.0,0.0
3087,0.0,1.0,0.0
3088,0.6,0.0,0.0
3089,1.3,1.1,0.0
3090,2.8,0.0,0.0
3091,0.4,0.0,0.0
3092,0.4,0.0,0.0
3093,0.5,0.7,0.0
3094,2.8,2.1,0.6
3095,0.6,0.0,0.0
3096,0.4,0.0,0.0
3097,0.0,0.0,0.0
3098,0.2,0.0,0.0
3099,2.0,1.7,0.0
3100,0.4,0.0,0.0
3101,1.5,0.4,0.0
3102,1.6,0.7,0.0
3103,0.4,0.0,0.0
3104,1.6,0.7,0.1
3105,2.0,1.0,0.5
3106,0.9,0.4,0.0
3107,0.2,0.4,0.0
3108,0.9,0.7,0.0
3109,0.6,0.2,0.0
3110,0.9,0.1,0.0
3111,0.8,0.3,0.0
3112,1.1,1.0,0.0
3113,0.0,0.8,0.0
3114,3.0,0.0,0.0
3115,0.6,1.6,0.0
3116,0.7,0.0,0.0
3117,0.7,0.0,0.0
3118,3.9,1.1,1.0
3119,1.6,1.3,0.0
3120,0.4,0.0,0.0
3121,1.2,0.0,0.0
3122,0.2,0.0,0.0
3123,0.1,0.0,0.0
3124,4.5,0.9,0.2
3125,0.5,0.0,0.0
3126,0.3,0.5,0.0
3127,0.0,0.7,0.0
3128,0.4,0.0,0.0
3129,0.4,0.0,0.0
3130,0.8,1.1,0.0
3131,1.2,0.8,0.6
3132,0.3,0.0,0.0
3133,0.0,0.0,0.0
3134,2.0,0.0,0.0
3135,0.4,0.0,0.0
3136,0.8,1.7,0.0
3137,2.3,0.7,0.0
3138,0.4,0.0,0.0
3139,0.3,0.2,0.2
3140,1.4,1.2,0.9
3141,0.0,1.0,0.0
3142,0.6,0.0,0.0
3143,0.7,0.5,0.0
3144,2.5,0.0,0.0
3145,0.8,0.4,0.0
3146,0.5,2.0,0.0
3147,0.0,0.5,0.0
3148,0.6,1.8,0.0
3149,0.4,0.0,0.0
3150,0.4,0.0,0.0
3151,0.2,0.0,0.0
3152,3.4,1.6,0.0
3153,0.4,0.0,0.0
3154,0.3,0.0,0.0
3155,0.7,0.3,0.0
3156,1.0,0.0,0.0
3157,0.0,0.0,0.0
3158,0.9,0.0,0.0
3159,2.0,4.0,0.8
3160,0.0,0.6,0.0
3161,2.0,0.0,0.0
3162,0.5,0.6,0.0
3163,0.4,0.0,0.0
3164,0.4,0.0,0.0
3165,2.1,0.5,0.0
3166,2.0,0.0,0.0
3167,0.3,0.0,0.0
3168,0.4,0.0,0.0
3169,0.6,0.0,0.0
3170,0.0,0.0,0.0
3171,2.1,0.4,0.0
3172,0.0,0.0,0.0
3173,0.0,0.4,0.0
3174,0.8,0.2,0.0
3175,0.2,0.0,0.0
3176,0.6,0.0,0.0
3177,1.0,0.0,0.0
3178,0.5,0.0,0.0
3179,30.0,26.0,21.0
3180,7.3,10.6,2.4
3181,10.0,10.0,5.0
3182,7.5,20.0,2.5
3183,0.0,0.0,0.0
3184,11.0,9.0,3.0
3185,0.1,0.0,0.0
3186,0.3,0.0,0.0
3187,29.0,28.0,11.0
3188,2.0,0.0,0.0
3189,1.2,0.0,0.0
3190,1.0,0.0,0.0
3191,0.0,0.0,0.0
3192,4.0,5.0,1.0
3193,0.0,0.0,0.0
3194,0.0,0.0,0.0
3195,0.5,0.0,0.0
3196,0.5,0.3,0.0
3197,0.0,0.0,0.0
3198,2.0,6.0,0.5
3199,0.8,0.0,0.0
3200,0.0,0.0,0.0
3201,4.8,1.5,0.0
3202,0.5,2.0,0.0
3203,0.0,4.0,1.0
3204,2.0,1.0,0.0
3205,0.2,2.3,0.0
3206,0.0,0.0,0.0
3207,1.0,0.5,0.0
3208,0.0,0.0,0.0
3209,1.0,5.0,1.0
3210,2.0,3.0,1.0
3211,2.0,0.5,0.0
3212,0.0,0.0,0.0
3213,2.0,5.0,0.0
3214,0.0,0.0,0.0
3215,1.0,2.0,0.0
3216,0.0,0.0,0.0
3217,0.0,0.0,0.0
3218,3.0,7.0,2.0
3219,0.0,2.0,0.0
3220,0.7,1.2,1.0
3221,1.5,0.3,0.2
3222,0.0,0.0,0.0
3223,0.2,0.0,0.0
3224,0.9,0.0,0.0
3225,1.5,0.0,0.0
3226,1.4,0.0,0.0
3227,5.0,3.0,1.0
3228,2.0,3.0,0.0
3229,1.5,1.5,0.0
3230,1.0,0.5,0.0
3231,0.0,0.0,0.0
3232,1.5,1.0,0.0
3233,1.0,0.0,0.0
3234,0.0,0.0,0.0
3235,2.4,1.8,0.0
3236,6.0,12.0,5.0
3237,6.0,10.0,4.0
3238,0.0,0.0,0.0
3239,0.0,0.0,0.0
3240,0.0,0.0,0.0
3241,0.0,0.0,0.0
3242,1.0,3.0,0.0
3243,0.7,0.5,0.3
3244,0.4,0.3,0.0
3245,0.3,0.0,0.0
3246,0.2,0.0,0.0
3247,0.1,0.0,0.0
3248,0.1,0.0,0.0
3249,0.4,0.0,0.0
3250,0.1,0.0,0.0
3251,0.5,0.0,0.0
3252,0.1,0.0,0.0
3253,0.1,0.0,0.0
3254,0.1,0.0,0.0
3255,0.1,0.0,0.0
3256,0.3,0.0,0.0
3257,0.2,0.0,0.0
3258,0.3,0.0,0.0
3259,0.3,0.0,0.0
3260,0.2,0.2,0.2
3261,18.0,15.0,3.0
3262,6.0,9.0,5.0
3263,1.0,14.0,4.0
3264,4.0,3.0,2.0
3265,0.3,0.0,0.0
3266,0.3,2.5,0.2
3267,1.0,5.0,0.0
3268,3.6,6.2,2.2
3269,4.0,1.0,0.0
3270,8.0,4.0,0.0
3271,2.0,0.0,0.0
3272,0.5,1.5,0.0
3273,1.0,0.5,0.0
3274,2.0,0.0,0.0
3275,0.8,1.2,0.0
3276,0.4,0.0,0.0
3277,3.0,2.2,0.6
3278,3.0,1.0,0.0
3279,11.0,6.0,0.0
3280,3.7,2.7,2.0
3281,4.5,5.6,1.0
3282,1.6,1.0,0.0
3283,9.8,4.7,0.0
3284,1.0,0.5,0.0
3285,10.0,5.0,0.0
3286,2.0,3.0,0.0
3287,6.0,7.0,1.9
3288,0.7,0.0,0.0
3289,4.5,2.5,2.0
3290,3.0,2.0,4.0
3291,3.0,4.0,0.0
3292,3.7,1.5,0.3
3293,1.5,3.0,0.5
3294,1.3,0.0,0.0
3295,0.6,1.8,0.0
3296,3.2,7.4,1.9
3297,3.4,11.7,4.9
3298,2.4,4.9,1.2
3299,5.8,2.8,5.1
3300,2.6,0.0,0.0
3301,2.2,2.4,1.1
3302,2.5,5.5,0.0
3303,0.0,0.0,0.0
3304,0.4,0.0,0.0
3305,0.0,0.5,0.0
3306,0.0,0.0,14.0
3307,0.0,0.0,0.0
3308,1.1,0.3,0.0
3309,0.0,3.1,0.0
3310,0.7,1.0,0.3
3311,0.0,0.0,0.0
3312,0.0,0.0,0.0
3313,0.0,0.0,0.0
3314,0.0,0.8,0.0
3315,0.6,0.0,0.0
3316,0.1,2.9,0.0
3317,1.3,2.1,1.1
3318,1.0,4.0,7.0
3319,3.0,0.0,0.0
3320,0.0,0.0,0.0
3321,0.0,0.0,0.0
3322,0.0,0.0,0.0
3323,0.0,0.0,0.0
3324,0.0,0.0,0.0
3325,0.0,0.0,0.0
3326,0.0,0.7,0.4
3327,0.0,0.0,0.0
3328,0.0,0.0,0.0
3329,0.0,0.0,0.0
3330,1.0,0.0,0.0
3331,0.0,0.0,0.0
3332,0.0,1.5,0.0
3333,2.5,0.6,0.0
3334,5.5,1.0,0.5
3335,0.0,0.0,0.0
3336,0.0,0.0,0.0
3337,0.5,0.0,0.0
3338,1.0,0.2,0.0
3339,0.6,0.7,0.0
3340,0.6,0.0,0.0
3341,0.0,0.0,0.0
3342,0.0,0.0,0.0
3343,0.0,0.0,0.0
3344,0.0,0.0,0.0
3345,0.0,0.0,0.0
3346,0.0,0.0,0.0
3347,2.5,2.0,1.5
3348,0.0,0.0,0.0
3349,0.0,0.0,0.0
3350,2.0,2.4,0.0
3351,0.0,0.0,0.0
3352,0.0,0.0,0.0
3353,0.0,0.0,0.0
3354,1.3,5.5,0.3
3355,0.0,0.0,0.0
3356,0.0,0.0,0.0
3357,1.4,0.0,0.0
3358,0.0,0.0,0.0
3359,0.0,1.6,0.0
3360,0.6,4.3,3.1
3361,0.0,0.0,0.0
3362,0.0,0.0,0.0
3363,0.2,1.0,0.0
3364,0.0,0.0,0.0
3365,0.0,0.0,0.0
3366,0.6,1.4,1.4
3367,2.3,2.1,1.9
3368,0.0,0.0,0.0
3369,0.0,0.0,0.0
3370,8.3,1.4,1.2
3371,0.0,0.0,0.0
3372,0.1,0.0,0.0
3373,0.3,1.1,0.0
3374,0.0,0.0,0.0
3375,0.6,0.2,0.0
3376,0.0,0.0,0.0
3377,0.1,3.6,0.0
3378,0.0,0.0,0.0
3379,2.3,8.2,0.0
3380,0.0,0.0,0.0
3381,1.2,0.5,0.0
3382,3.8,2.3,0.0
3383,0.0,0.0,0.0
3384,0.0,0.0,0.0
3385,0.0,0.0,0.0
3386,0.6,4.7,0.0
3387,1.0,1.0,0.0
3388,0.0,0.0,0.0
3389,7.0,10.0,3.0
3390,24.0,10.0,2.0
3391,7.0,10.0,7.3
3392,24.0,6.0,2.0
3393,0.1,0.0,0.0
3394,0.2,0.0,0.0
3395,0.1,0.0,0.0
3396,0.5,0.0,0.0
3397,0.3,0.0,0.0
3398,0.3,0.1,0.1
3399,0.2,0.0,0.0
3400,0.1,0.0,0.0
3401,1.0,0.0,0.0
3402,0.1,0.0,0.0
3403,0.1,0.0,0.0
3404,0.1,0.0,0.0
3405,0.1,0.1,0.0
3406,0.1,0.0,0.0
3407,0.2,0.1,0.0
3408,0.2,0.0,0.0
3409,0.1,0.0,0.0
3410,0.2,0.0,0.0
3411,0.1,0.0,0.0
3412,0.0,4.0,0.0
3413,0.1,0.0,0.0
3414,0.2,0.0,0.0
3415,0.1,0.0,0.0
3416,0.1,0.1,0.0
3417,0.1,0.0,0.0
3418,0.1,0.0,0.0
3419,0.1,0.0,0.0
3420,0.2,0.0,0.0
3421,0.1,0.0,0.0
3422,0.1,0.1,0.0
3423,0.1,0.0,0.0
3424,0.5,0.0,0.0
3425,0.2,0.0,0.0
3426,0.2,0.0,0.0
3427,0.2,0.0,0.0
3428,0.1,0.0,0.0
3429,0.1,0.0,0.0
3430,1.0,2.0,0.6
3431,0.2,0.0,0.0
3432,0.2,0.0,0.0
3433,0.1,0.0,0.0
3434,0.1,0.0,0.0
3435,2.0,0.0,0.0
3436,0.1,0.0,0.0
3437,0.4,0.1,0.0
3438,0.2,0.0,0.0
3439,0.2,0.0,0.0
3440,0.1,0.0,0.0
3441,0.2,0.0,0.0
3442,0.1,0.0,0.0
3443,0.2,0.1,0.0
3444,0.1,0.0,0.0
3445,0.2,0.0,0.0
3446,0.5,0.2,0.0
3447,0.1,0.0,0.0
3448,0.1,0.0,0.0
3449,0.0,0.0,0.0
3450,0.2,0.0,0.0
3451,0.1,0.0,0.0
3452,0.1,0.0,0.0
3453,0.2,0.0,0.0
3454,0.1,0.1,0.0
3455,0.2,0.0,0.0
3456,0.2,0.0,0.0
3457,0.2,0.1,0.0
3458,0.2,0.0,0.0
3459,0.1,0.0,0.0
3460,0.2,0.0,0.0
3461,0.1,0.0,0.0
3462,0.2,0.0,0.0
3463,0.1,0.0,0.0
3464,5.0,9.0,4.0
3465,0.1,0.0,0.0
3466,0.1,0.0,0.0
3467,1.0,0.2,0.0
3468,0.1,0.0,0.0
3469,8.3,1.3,0.6
3470,15.0,14.0,1.0
3471,2.5,0.2,0.0
3472,2.2,2.0,1.8
3473,0.5,0.0,0.0
3474,2.5,0.0,0.0
3475,0.3,2.0,0.7
3476,2.0,0.0,0.0
3477,0.2,0.2,0.3
3478,6.0,7.0,7.0
3479,17.0,3.0,5.0
3480,0.0,0.0,0.0
3481,0.3,0.4,0.6
3482,0.0,0.0,0.0
3483,0.0,0.0,0.0
3484,0.0,0.0,0.0
3485,0.6,0.7,0.0
3486,2.0,10.1,3.5
3487,1.2,0.0,0.0
3488,1.1,0.0,0.0
3489,0.4,0.0,0.0
3490,0.5,0.0,0.0
3491,0.6,0.4,0.0
3492,0.3,0.0,0.0
3493,0.8,0.5,0.2
3494,0.0,0.2,0.0
3495,0.3,0.2,0.0
3496,0.2,0.0,0.0
3497,0.3,0.6,0.0
3498,0.3,0.1,0.0
3499,0.3,0.0,0.0
3500,0.1,0.1,0.0
3501,2.0,0.0,0.0
3502,0.0,0.5,0.0
3503,0.9,0.0,0.0
3504,0.2,0.8,0.0
3505,0.8,0.4,0.0
3506,0.0,0.0,0.0
3507,0.6,0.0,0.0
3508,0.6,0.8,0.0
3509,0.3,0.0,0.0
3510,0.4,0.0,0.1
3511,0.1,0.1,0.1
3512,0.1,0.0,0.0
3513,0.2,0.1,0.0
3514,0.1,0.0,0.0
3515,0.5,0.0,0.2
3516,0.1,0.0,0.0
3517,1.0,1.0,1.0
3518,20.0,27.0,21.0
3519,0.5,0.3,0.2
3520,3.0,3.0,2.0
3521,0.2,0.2,0.0
3522,0.2,0.2,0.0
3523,5.0,10.0,10.0
3524,0.5,2.3,6.8
3525,25.0,40.0,35.0
3526,2.0,4.0,2.0
3527,0.4,0.6,0.5
3528,1.5,1.5,1.0
3529,3.0,1.0,1.0
3530,29.0,46.4,40.6
3531,1.3,0.2,0.0
3532,14.0,31.0,17.0
3533,0.3,0.0,0.0
3534,2.2,1.6,0.2
3535,40.0,28.0,7.0
3536,4.0,10.0,6.0
3537,2.0,3.8,4.2
3538,12.0,18.0,25.0
3539,2.0,2.5,0.5
3540,0.8,0.8,0.4
3541,40.0,25.0,40.0
3542,12.0,14.0,11.0
3543,24.3,40.5,70.2
3544,0.0,49.0,54.0
3545,7.4,17.4,12.2
3546,0.8,0.6,0.0
3547,2.0,0.5,0.0
3548,3.5,5.0,1.5
3549,3.0,4.0,2.0
3550,35.0,40.0,17.0
3551,3.0,4.0,3.0
3552,8.0,11.2,8.0
3553,3.0,6.0,1.0
3554,17.0,27.0,23.0
3555,0.0,0.0,0.0
3556,2.0,2.0,0.0
3557,0.0,2.0,3.0
3558,0.5,0.3,0.0
3559,28.5,64.5,57.0
3560,10.0,12.0,8.0
3561,3.0,7.0,4.0
3562,0.0,0.0,0.0
3563,5.0,11.0,4.0
3564,6.0,4.0,3.0
3565,3.0,2.0,2.0
3566,3.0,1.0,0.0
3567,1.0,0.0,0.0
3568,3.5,3.5,3.0
3569,55.0,69.0,126.0
3570,3.0,3.0,2.0
3571,5.0,5.0,2.0
3572,2.0,14.0,4.0
3573,0.0,0.0,0.0
3574,6.0,4.0,2.0
3575,2.0,3.5,2.5
3576,0.0,0.0,0.0
3577,0.6,0.2,0.0
3578,2.0,4.0,4.0
3579,3.0,11.0,3.0
3580,2.0,2.0,1.0
3581,1.5,1.0,0.5
3582,5.0,8.0,3.0
3583,10.0,6.0,2.0
3584,3.0,5.0,3.0
3585,11.0,22.0,17.0
3586,15.0,10.0,5.0
3587,6.0,11.0,3.0
3588,0.5,0.5,0.5
3589,0.8,0.3,0.2
3590,3.0,2.0,3.0
3591,1.0,0.0,0.0
3592,4.0,3.0,3.0
3593,4.5,6.0,3.5
3594,1.5,1.5,1.0
3595,1.0,0.7,0.3
3596,0.7,0.3,0.0
3597,28.0,60.0,65.0
3598,25.0,16.0,15.0
3599,22.0,24.0,25.0
3600,20.0,26.0,25.0
3601,10.0,18.0,38.0
3602,6.0,10.0,4.0
3603,15.0,18.0,12.0
3604,1.0,0.5,0.5
3605,6.0,15.0,9.0
3606,2.0,2.8,0.2
3607,1.2,0.8,0.2
3608,0.2,0.6,0.4
3609,0.4,0.8,0.5
3610,5.0,4.0,2.0
3611,2.0,4.0,4.0
3612,11.9,13.3,8.8
3613,4.4,13.2,4.4
3614,4.0,5.0,2.0
3615,1.2,3.6,1.2
3616,20.0,11.0,3.0
3617,0.3,0.7,0.5
3618,1.0,0.0,0.0
3619,0.6,0.5,0.2
3620,3.0,4.0,3.0
3621,15.0,25.0,10.0
3622,0.5,1.0,0.5
3623,0.0,0.0,0.0
3624,5.0,5.0,4.0
3625,0.0,0.0,0.0
3626,0.0,0.0,0.0
3627,1.5,3.0,1.5
3628,8.0,4.0,3.0
3629,0.6,0.7,1.0
3630,0.9,0.3,0.0
3631,5.0,10.0,5.0
3632,0.6,0.0,0.0
3633,2.0,3.0,1.0
3634,20.0,17.0,13.0
3635,2.8,1.5,0.7
3636,1.3,0.5,0.2
3637,0.0,0.0,0.0
3638,4.0,2.0,4.0
3639,0.6,0.0,0.0
3640,0.6,0.5,0.1
3641,0.0,0.0,0.0
3642,1.0,0.6,0.4
3643,8.0,10.0,8.0
3644,4.0,4.0,2.0
3645,30.0,40.0,56.0
3646,1.0,2.0,0.0
3647,0.0,0.0,0.0
3648,16.0,19.0,8.0
3649,0.8,0.8,0.4
3650,27.0,69.0,25.0
3651,2.5,4.0,1.5
3652,1.2,2.3,1.4
3653,8.0,27.0,15.0
3654,4.0,8.0,4.0
3655,10.0,7.0,5.0
3656,27.0,41.0,32.0
3657,4.0,2.0,2.0
3658,1.0,1.0,0.0
3659,3.0,3.5,3.5
3660,6.0,14.0,10.0
3661,0.0,0.0,0.0
3662,12.0,12.0,21.0
3663,10.0,20.0,20.0
3664,7.0,2.0,0.0
3665,6.0,8.0,0.0
3666,13.0,26.0,13.0
3667,0.7,1.2,0.5
3668,0.2,0.0,0.0
3669,0.1,0.0,0.0
3670,6.0,9.0,5.0
3671,0.0,0.0,0.0
3672,3.4,6.8,6.8
3673,1.5,0.5,0.0
3674,2.0,1.0,0.0
3675,1.0,0.4,0.1
3676,11.0,26.0,15.0
3677,3.0,8.0,4.0
3678,0.6,1.5,0.9
3679,1.5,1.5,0.0
3680,0.0,0.0,0.0
3681,2.0,2.0,1.0
3682,1.5,0.3,0.0
3683,1.0,0.0,0.0
3684,0.4,0.1,0.0
3685,0.5,0.3,0.2
3686,0.7,0.6,0.2
3687,4.0,5.0,3.0
3688,0.4,0.1,0.0
3689,6.7,28.2,23.3
3690,6.0,10.0,4.0
3691,1.2,0.4,0.2
3692,5.0,15.0,15.0
3693,3.0,2.0,1.0
3694,10.0,5.0,5.0
3695,1.0,1.0,0.0
3696,1.5,2.0,1.0
3697,10.0,20.0,20.0
3698,9.0,4.0,6.0
3699,5.0,25.0,10.0
3700,0.0,0.0,0.0
3701,0.8,0.2,0.0
3702,5.6,9.5,4.2
3703,18.0,42.0,34.0
3704,0.6,0.4,0.2
3705,2.0,0.5,0.5
3706,3.0,5.0,2.0
3707,3.0,3.0,2.0
3708,1.0,2.0,1.0
3709,4.0,3.0,2.0
3710,0.9,0.3,0.0
3711,4.0,1.0,0.0
3712,1.9,1.6,1.5
3713,1.0,2.0,1.0
3714,16.0,13.0,19.0
3715,4.0,6.0,10.0
3716,6.0,13.0,1.0
3717,6.0,8.0,3.0
3718,1.7,1.5,0.8
3719,1.8,0.8,0.4
3720,2.0,2.0,1.0
3721,18.0,18.0,19.0
3722,0.0,0.0,0.0
3723,2.0,2.0,1.0
3724,0.6,0.4,0.2
3725,0.6,0.3,0.0
3726,2.0,3.0,5.0
3727,6.0,5.5,0.5
3728,16.0,50.0,50.0
3729,15.0,31.0,30.0
3730,0.0,0.0,0.0
3731,4.1,2.0,3.0
3732,2.1,12.9,20.7
3733,4.0,5.0,3.0
3734,1.0,0.5,0.2
3735,0.3,1.1,0.0
3736,0.5,0.0,0.0
3737,25.0,65.0,45.0
3738,37.4,43.0,46.0
3739,2.8,1.5,1.0
3740,15.0,30.0,20.0
3741,4.5,4.8,8.5
3742,6.0,6.0,5.0
3743,0.7,0.3,0.0
3744,0.3,5.0,2.0
3745,0.0,0.0,0.0
3746,4.0,3.0,1.0
3747,1.0,0.0,0.0
3748,3.0,4.0,2.0
3749,1.4,0.0,0.0
3750,1.1,1.3,0.6
3751,0.5,0.0,0.0
3752,1.0,1.6,2.0
3753,8.0,14.0,9.0
3754,13.0,26.0,6.0
3755,15.0,25.0,10.0
3756,1.0,0.5,0.5
3757,3.0,5.0,3.0
3758,12.0,38.0,43.0
3759,8.0,19.0,13.0
3760,1.5,1.0,0.1
3761,0.0,0.0,0.0
3762,14.0,17.0,15.0
3763,3.0,2.0,1.3
3764,7.0,7.0,9.0
3765,3.5,3.0,4.0
3766,18.4,48.5,22.9
3767,0.3,0.8,0.3
3768,1.5,5.0,3.5
3769,2.0,3.5,2.5
3770,6.0,8.0,6.0
3771,3.0,4.0,2.0
3772,2.5,0.5,0.0
3773,3.0,4.0,3.0
3774,1.0,1.0,0.0
3775,5.0,4.0,6.0
3776,0.0,0.0,0.0
3777,3.0,2.0,3.0
3778,5.0,14.0,12.0
3779,0.5,1.4,2.0
3780,2.0,2.2,2.7
3781,2.0,4.0,3.5
3782,5.0,12.0,14.0
3783,3.0,12.0,10.0
3784,0.0,0.0,0.0
3785,1.2,3.0,0.6
3786,2.0,2.0,1.0
3787,0.5,0.3,0.0
3788,0.7,0.7,0.7
3789,6.0,46.0,8.0
3790,4.0,14.0,6.0
3791,2.0,5.0,4.0
3792,2.0,3.0,0.0
3793,3.0,5.0,7.0
3794,3.5,7.0,4.0
3795,1.0,7.0,5.0
3796,1.5,1.2,1.3
3797,15.0,25.0,60.0
3798,0.0,0.0,0.0
3799,24.0,45.0,31.0
3800,3.0,6.0,11.0
3801,0.0,3.0,10.0
3802,1.0,3.5,1.7
3803,0.0,0.0,0.0
3804,1.0,2.0,2.0
3805,1.0,2.0,1.5
3806,1.0,2.5,3.5
3807,13.5,45.0,31.5
3808,15.0,15.0,35.0
3809,3.0,4.0,2.5
3810,2.5,4.5,5.0
3811,1.5,3.0,2.5
3812,2.5,4.0,2.0
3813,0.0,0.0,0.0
3814,1.0,2.0,0.8
3815,1.0,0.0,0.0
3816,20.0,30.0,50.0
3817,5.0,8.0,10.0
3818,2.0,3.0,0.8
3819,7.0,5.0,14.0
3820,8.0,16.0,6.0
3821,2.0,2.0,6.0
3822,0.0,0.0,0.0
3823,1.0,1.0,1.0
3824,2.3,1.0,0.6
3825,1.0,3.0,1.8
3826,0.5,0.3,0.0
3827,0.0,0.0,0.0
3828,2.0,3.0,1.5
3829,2.5,4.0,3.0
3830,0.0,0.0,0.0
3831,0.0,0.0,0.0
3832,1.2,1.0,0.0
3833,25.0,45.0,27.0
3834,2.5,3.5,2.0
3835,6.2,9.0,3.7
3836,0.2,0.0,0.0
3837,6.0,4.0,2.0
3838,0.5,2.0,0.5
3839,1.0,0.0,0.0
3840,22.0,26.0,22.0
3841,1.2,1.5,1.0
3842,3.0,2.0,2.0
3843,8.0,12.0,6.0
3844,1.0,0.3,0.0
3845,2.6,3.0,1.0
3846,27.0,152.0,71.0
3847,10.0,8.0,15.0
3848,0.0,0.0,0.0
3849,6.0,9.0,4.0
3850,4.0,8.0,3.0
3851,3.0,1.0,1.0
3852,0.2,0.0,0.0
3853,6.8,15.0,8.6
3854,4.0,7.0,5.0
3855,1.0,2.5,1.5
3856,2.5,5.5,1.5
3857,0.3,0.2,0.2
3858,4.5,6.0,6.0
3859,1.0,0.2,0.1
3860,0.0,0.0,0.0
3861,0.0,0.0,0.0
3862,1.0,0.5,0.4
3863,4.0,7.0,4.0
3864,3.2,3.5,3.0
3865,0.0,0.0,0.0
3866,30.0,50.0,55.0
3867,2.0,1.5,0.5
3868,2.5,2.0,1.0
3869,0.0,0.0,0.0
3870,5.0,15.0,18.0
3871,0.5,0.0,0.0
3872,1.0,0.0,0.0
3873,15.0,40.0,30.0
3874,0.0,0.0,0.0
3875,2.0,2.5,0.5
3876,0.8,0.0,0.0
3877,4.5,10.0,8.0
3878,0.3,0.2,0.0
3879,0.0,0.0,0.0
3880,0.4,0.4,0.2
3881,11.0,30.0,24.0
3882,7.0,6.0,7.0
3883,0.0,0.0,0.0
3884,0.0,0.0,0.0
3885,0.3,0.0,0.0
3886,1.0,2.0,1.5
3887,1.5,3.0,3.0
3888,2.5,3.0,2.0
3889,0.0,0.0,0.0
3890,4.0,8.0,10.0
3891,1.0,0.5,0.0
3892,0.0,0.0,0.1
3893,8.0,20.0,3.0
3894,9.0,15.0,10.0
3895,0.5,0.0,0.0
3896,0.0,0.0,0.0
3897,0.9,2.5,1.0
3898,20.0,40.0,35.0
3899,0.0,0.0,0.0
3900,0.0,0.0,0.0
3901,1.5,2.0,0.5
3902,6.0,7.0,4.0
3903,5.0,4.0,3.0
3904,0.8,2.5,0.7
3905,4.0,9.0,5.0
3906,4.0,12.0,7.0
3907,6.0,8.0,6.0
3908,0.0,0.0,0.0
3909,12.0,23.0,11.5
3910,0.0,0.0,0.0
3911,4.0,8.0,13.0
3912,0.0,0.0,0.0
3913,0.0,0.0,0.0
3914,3.0,7.0,8.0
3915,2.0,3.0,2.5
3916,2.0,4.0,1.5
3917,4.0,9.0,4.0
3918,0.0,0.0,0.0
3919,1.0,0.4,0.3
3920,3.0,8.0,6.0
3921,0.5,0.4,0.3
3922,13.0,41.0,24.0
3923,0.1,0.0,0.0
3924,1.3,1.8,0.1
3925,0.5,0.5,0.0
3926,3.0,2.5,3.5
3927,2.0,3.0,5.0
3928,1.0,1.5,0.5
3929,10.0,12.0,7.0
3930,1.5,2.8,1.0
3931,4.0,20.0,10.0
3932,5.0,28.0,15.0
3933,27.0,38.0,38.0
3934,1.5,0.5,0.0
3935,14.2,111.0,111.0
3936,14.0,11.0,6.0
3937,0.5,1.5,2.0
3938,4.5,9.0,3.0
3939,3.0,5.0,2.0
3940,9.0,8.0,8.0
3941,20.0,30.0,14.0
3942,4.5,6.0,2.5
3943,4.0,5.0,2.0
3944,3.0,5.0,1.5
3945,4.0,2.5,2.0
3946,0.6,1.4,0.4
3947,25.0,45.0,30.0
3948,0.0,0.0,0.0
3949,0.6,0.3,0.3
3950,25.0,95.0,45.0
3951,0.0,0.0,0.0
3952,6.0,18.0,15.0
3953,0.7,0.3,0.0
3954,0.0,0.0,0.0
3955,20.0,42.0,8.0
3956,60.0,20.0,12.0
3957,15.3,40.5,34.2
3958,4.0,7.0,3.0
3959,17.0,40.0,30.0
3960,28.0,40.0,51.0
3961,3.5,4.0,3.0
3962,2.0,2.0,0.0
3963,0.5,1.5,1.0
3964,15.0,20.0,9.0
3965,30.0,40.0,14.0
3966,2.7,1.4,1.7
3967,1.3,1.6,0.3
3968,4.0,11.0,5.0
3969,0.0,0.0,0.0
3970,0.0,0.0,0.0
3971,3.0,4.2,3.7
3972,0.4,1.1,0.3
3973,12.0,20.0,10.0
3974,27.0,28.0,58.0
3975,6.7,51.7,29.8
3976,3.0,8.0,4.0
3977,4.7,7.2,4.1
3978,6.0,5.0,4.0
3979,3.4,4.0,5.2
3980,1.0,2.0,1.0
3981,1.0,1.0,1.0
3982,0.4,0.3,0.0
3983,1.0,0.0,0.0
3984,5.2,13.7,9.0
3985,4.0,2.0,3.0
3986,1.8,1.0,1.4
3987,1.2,1.6,0.4
3988,8.0,15.0,8.0
3989,6.0,6.0,6.0
3990,1.0,1.1,2.3
3991,10.0,10.0,7.0
3992,3.2,2.0,3.1
3993,0.3,1.9,2.2
3994,0.5,0.1,0.0
3995,2.5,1.5,0.9
3996,2.1,5.5,6.2
3997,1.5,1.2,0.3
3998,1.0,4.0,2.0
3999,1.2,1.5,1.5
4000,57.0,84.0,93.0
4001,0.8,0.4,0.6
4002,0.0,0.0,0.0
4003,0.6,0.4,0.0
4004,0.2,0.6,0.6
4005,1.7,0.0,0.0
4006,3.6,4.8,3.6
4007,0.6,1.0,0.5
4008,2.4,1.6,5.9
4009,3.5,16.0,5.5
4010,2.0,2.0,2.0
4011,10.0,60.0,30.0
4012,5.9,2.1,1.7
4013,5.2,2.8,3.5
4014,0.0,0.0,0.0
4015,10.0,12.0,8.0
4016,3.7,2.6,5.3
4017,7.0,15.0,13.0
4018,18.0,46.0,27.0
4019,1.5,5.6,3.1
4020,0.7,0.5,0.0
4021,1.1,1.6,2.1
4022,9.4,22.1,14.0
4023,6.0,13.0,10.0
4024,0.6,1.4,0.8
4025,1.4,1.6,1.0
4026,0.0,0.0,0.0
4027,0.5,0.5,0.1
4028,11.0,53.0,79.0
4029,0.1,0.0,0.0
4030,2.0,4.0,4.0
4031,0.0,0.0,0.0
4032,5.6,6.1,4.3
4033,20.0,35.0,45.0
4034,3.0,2.0,1.0
4035,3.5,3.5,2.6
4036,2.0,1.5,0.5
4037,1.5,0.9,0.1
4038,30.0,30.0,20.0
4039,2.0,2.0,0.0
4040,0.0,0.0,0.0
4041,0.0,0.0,0.0
4042,0.0,0.0,0.0
4043,0.0,0.0,0.0
4044,0.0,0.0,0.0
4045,0.0,0.0,0.0
4046,0.6,0.0,0.0
4047,5.0,9.0,4.0
4048,0.0,0.0,0.0
4049,0.0,0.0,0.0
4050,0.0,0.0,0.0
4051,0.0,0.0,0.0
4052,1.0,2.0,0.0
4053,0.0,0.0,0.0
4054,0.0,0.0,0.0
4055,0.0,0.0,0.0
4056,0.6,0.3,0.2
4057,0.0,0.0,0.0
4058,0.0,0.0,0.0
4059,0.0,0.0,0.0
4060,5.5,2.0,1.2
4061,0.6,0.0,0.0
4062,0.0,0.0,0.0
4063,0.1,0.2,0.0
4064,0.0,0.0,0.0
4065,2.5,2.5,0.0
4066,0.0,0.0,0.0
4067,0.0,0.0,0.0
4068,2.0,2.0,0.0
4069,0.0,0.0,0.0
4070,0.0,3.0,1.0
4071,0.0,0.0,0.0
4072,3.0,3.0,2.0
4073,0.0,0.0,0.0
4074,1.0,0.5,0.0
4075,18.0,29.4,7.6
4076,15.5,1.4,2.1
4077,0.0,0.0,0.0
4078,0.0,0.0,0.0
4079,0.0,0.0,0.0
4080,2.0,1.0,0.0
4081,3.0,2.5,0.5
4082,0.0,0.0,0.0
4083,0.0,0.0,0.0
4084,6.0,3.0,13.0
4085,1.0,1.0,0.0
4086,1.0,0.0,0.0
4087,19.0,11.0,13.0
4088,1.0,0.0,0.0
4089,5.0,3.0,2.0
4090,0.0,0.0,1.0
4091,7.9,8.2,5.2
4092,0.0,0.0,0.0
4093,0.0,0.0,0.0
4094,0.0,0.0,0.0
4095,10.0,15.0,3.0
4096,2.0,4.0,1.0
4097,0.1,0.0,0.0
4098,3.0,5.0,2.0
4099,0.6,0.4,0.0
4100,4.0,6.0,1.0
4101,3.0,5.0,2.0
4102,2.0,5.0,3.0
4103,6.0,8.0,6.0
4104,2.0,1.0,0.0
4105,1.0,2.0,1.0
4106,0.1,0.0,0.0
4107,0.5,0.5,0.0
4108,0.2,1.0,0.8
4109,0.0,0.0,0.0
4110,1.1,1.3,0.0
4111,6.0,6.0,8.0
4112,0.3,0.2,0.0
4113,0.0,0.0,0.0
4114,10.0,7.0,3.0
4115,5.5,2.1,0.0
4116,11.0,7.0,2.0
4117,0.0,0.0,0.0
4118,13.6,18.0,13.5
4119,0.0,0.0,0.0
4120,1.2,0.3,0.0
4121,0.0,0.0,0.0
4122,0.0,0.0,0.0
4123,1.0,1.0,0.0
4124,1.5,1.0,1.0
4125,2.7,3.9,1.2
4126,0.0,3.5,3.2
4127,0.0,0.0,0.0
4128,1.9,1.2,1.2
4129,1.5,3.0,0.2
4130,0.0,0.0,0.0
4131,5.0,6.0,4.0
4132,1.6,1.2,1.0
4133,0.0,0.0,0.0
4134,0.0,0.0,0.0
4135,0.0,0.0,0.0
4136,0.0,0.0,0.0
4137,0.4,1.7,0.7
4138,0.0,0.0,0.0
4139,0.0,0.0,0.0
4140,0.8,1.5,0.7
4141,0.9,1.5,0.6
4142,0.7,1.6,0.9
4143,1.0,0.9,0.1
4144,0.0,0.0,0.0
4145,0.0,0.0,0.0
4146,0.9,0.3,0.0
4147,0.0,0.0,0.0
4148,3.0,6.0,1.0
4149,0.0,0.0,0.0
4150,1.0,2.0,1.3
4151,2.9,1.5,0.9
4152,12.0,12.0,6.0
4153,0.0,0.0,0.0
4154,4.0,4.0,2.0
4155,2.5,1.5,1.0
4156,0.6,1.2,0.2
4157,2.0,2.0,1.0
4158,1.0,1.0,2.0
4159,0.0,0.0,0.0
4160,0.0,0.0,0.0
4161,0.0,0.0,0.0
4162,1.3,3.5,0.3
4163,0.7,0.5,0.0
4164,0.0,0.0,0.0
4165,0.0,0.0,0.0
4166,4.9,0.6,2.3
4167,8.0,6.0,6.0
4168,0.0,0.0,0.0
4169,0.0,0.0,0.0
4170,0.0,0.0,0.0
4171,0.0,0.0,0.0
4172,0.0,0.0,0.0
4173,2.0,2.0,1.0
4174,12.0,9.6,8.4
4175,2.3,2.8,1.9
4176,2.4,4.3,2.5
4177,2.0,1.0,1.2
4178,0.2,0.1,0.0
4179,0.0,0.0,0.0
4180,0.0,0.0,0.0
4181,0.0,0.0,0.0
4182,0.7,0.0,0.0
4183,1.0,2.5,1.0
4184,3.0,4.0,3.0
4185,0.0,0.0,0.0
4186,2.5,3.5,1.0
4187,1.5,2.0,1.5
4188,15.0,13.0,2.0
4189,0.0,0.0,0.0
4190,0.0,0.0,0.0
4191,10.3,9.0,6.5
4192,5.0,5.0,0.0
4193,0.0,0.0,0.0
4194,4.0,5.5,0.5
4195,0.0,0.0,0.0
4196,1.0,1.0,1.0
4197,0.0,0.0,0.0
4198,0.0,0.0,0.0
4199,0.0,0.0,0.0
4200,1.0,1.1,0.6
4201,0.0,0.0,0.0
4202,4.1,4.3,1.5
4203,4.8,2.8,3.2
4204,0.0,0.0,0.0
4205,2.5,1.5,1.0
4206,2.5,2.5,1.0
4207,0.8,0.2,0.0
4208,6.0,8.0,6.0
4209,1.3,0.7,0.5
4210,0.0,0.0,0.0
4211,0.0,0.0,0.0
4212,1.5,2.0,1.5
4213,2.0,6.0,2.0
4214,8.0,2.8,1.0
4215,0.6,1.2,1.2
4216,12.1,7.7,3.9
4217,0.0,0.0,0.0
4218,8.0,8.0,4.0
4219,3.0,9.0,3.0
4220,2.0,2.0,0.0
4221,0.0,0.0,0.0
4222,0.0,0.0,0.0
4223,0.0,0.0,0.0
4224,1.2,0.9,0.9
4225,16.0,26.0,10.0
4226,0.0,0.0,0.0
4227,1.5,0.7,0.0
4228,0.0,0.0,0.0
4229,1.0,0.5,0.2
4230,4.0,3.0,3.0
4231,3.0,2.5,2.5
4232,1.1,4.8,1.4
4233,0.0,0.0,0.0
4234,2.6,3.0,0.4
4235,4.0,1.6,0.0
4236,0.3,0.3,0.3
4237,1.5,1.0,0.5
4238,0.0,0.0,0.0
4239,0.0,0.0,0.0
4240,0.0,0.0,0.0
4241,0.4,0.8,0.0
4242,5.0,3.0,2.0
4243,0.0,0.0,0.0
4244,0.0,0.0,0.0
4245,0.8,1.7,1.0
4246,0.9,0.0,0.0
4247,1.2,1.1,1.2
4248,1.4,1.8,0.8
4249,2.3,0.0,0.0
4250,0.0,0.0,0.0
4251,0.0,0.0,0.0
4252,1.5,0.5,0.0
4253,1.1,1.5,0.7
4254,7.4,7.6,6.0
4255,0.0,0.0,0.0
4256,0.0,0.0,0.0
4257,2.0,1.7,1.3
4258,2.7,2.5,2.4
4259,1.5,4.5,1.5
4260,2.0,4.0,3.0
4261,0.0,0.0,0.0
4262,1.0,0.7,0.6
4263,0.0,0.0,0.0
4264,0.6,0.5,0.0
4265,4.2,2.3,1.5
4266,1.1,0.9,0.0
4267,0.0,0.0,0.0
4268,1.5,4.0,1.5
4269,4.0,3.5,2.5
4270,1.0,0.4,0.4
4271,0.0,0.0,0.0
4272,0.6,0.5,0.0
4273,2.7,4.4,1.7
4274,1.4,0.6,0.0
4275,6.0,4.0,2.0
4276,0.0,0.0,0.0
4277,1.6,1.2,1.2
4278,4.0,6.0,2.0
4279,0.3,0.1,0.0
4280,0.0,0.0,0.0
4281,1.0,0.6,0.0
4282,0.2,0.7,0.4
4283,0.0,0.0,0.0
4284,0.0,0.0,0.0
4285,2.0,3.0,2.0
4286,3.0,5.0,2.0
4287,2.2,1.3,0.9
4288,0.0,0.0,0.0
4289,4.0,4.0,2.0
4290,25.0,15.0,10.0
4291,6.0,8.0,6.0
4292,0.0,0.0,0.0
4293,0.0,0.0,0.0
4294,6.0,8.0,6.0
4295,4.2,3.5,1.2
4296,1.5,0.5,0.2
4297,0.0,0.0,0.0
4298,12.0,3.0,1.5
4299,1.0,1.0,0.5
4300,0.5,0.2,0.0
4301,0.0,0.0,0.0
4302,0.0,0.0,0.0
4303,0.0,0.0,0.0
4304,0.0,0.0,0.0
4305,0.0,0.0,0.0
4306,2.0,1.0,0.0
4307,0.0,0.0,0.0
4308,0.0,0.0,0.0
4309,0.3,1.0,0.3
4310,0.0,0.0,0.0
4311,0.3,2.5,0.0
4312,0.0,0.0,0.0
4313,2.0,2.0,1.0
4314,4.8,1.2,0.0
4315,2.3,1.8,1.7
4316,1.0,1.8,0.3
4317,0.5,0.5,0.0
4318,0.0,0.0,0.0
4319,1.6,4.8,0.8
4320,0.6,1.0,0.4
4321,0.5,2.0,0.8
4322,2.0,6.0,2.0
4323,8.0,8.0,4.0
4324,0.7,0.0,0.0
4325,0.0,0.0,0.0
4326,0.5,0.4,0.1
4327,8.6,10.6,10.8
4328,2.6,2.0,0.0
4329,0.0,0.0,0.0
4330,0.0,0.0,0.0
4331,0.0,0.0,0.0
4332,0.0,0.0,0.0
4333,0.0,0.0,0.0
4334,0.0,0.0,0.0
4335,0.0,0.0,0.0
4336,0.0,0.0,0.0
4337,0.0,0.0,0.0
4338,0.0,0.0,0.0
4339,0.0,0.0,0.0
4340,0.5,1.7,0.4
4341,0.5,0.5,1.0
4342,0.0,0.0,0.0
4343,0.5,0.4,0.1
4344,0.0,0.0,0.0
4345,0.3,3.3,0.8
4346,0.0,0.0,0.0
4347,4.0,5.0,1.0
4348,0.0,0.0,0.0
4349,1.1,0.8,0.7
4350,0.3,0.6,0.1
4351,1.5,1.3,1.7
4352,0.0,0.0,0.0
4353,0.0,0.0,0.0
4354,1.0,3.0,1.0
4355,0.0,0.0,0.0
4356,0.0,0.0,0.0
4357,3.0,4.0,3.0
4358,0.0,0.0,0.0
4359,0.0,0.0,0.0
4360,11.0,18.0,7.0
4361,0.0,0.0,0.0
4362,1.5,1.0,0.3
4363,0.9,1.5,0.6
4364,3.0,0.9,1.1
4365,0.0,0.0,0.0
4366,1.0,0.0,0.0
4367,2.5,2.5,1.0
4368,1.0,0.9,0.0
4369,10.4,12.2,12.2
4370,0.7,0.4,0.3
4371,1.0,3.0,1.0
4372,0.3,0.0,0.0
4373,2.0,2.0,3.0
4374,4.0,4.0,2.0
4375,1.0,0.5,0.3
4376,7.4,1.2,1.2
4377,0.0,0.0,0.0
4378,0.0,0.0,0.0
4379,1.1,0.7,0.0
4380,0.0,0.0,0.0
4381,0.0,0.0,0.0
4382,3.0,6.0,1.0
4383,9.6,4.0,1.9
4384,2.0,1.0,0.0
4385,0.0,0.0,0.0
4386,2.0,5.0,3.0
4387,0.0,0.0,0.0
4388,4.6,5.0,3.0
4389,3.0,4.0,3.0
4390,2.0,1.5,0.5
4391,3.0,4.0,3.0
4392,1.0,1.5,0.5
4393,0.0,0.0,0.0
4394,2.1,3.4,1.6
4395,0.0,0.0,0.0
4396,1.6,0.3,0.1
4397,7.5,8.8,8.7
4398,4.0,7.0,5.5
4399,0.0,0.0,0.0
4400,4.0,3.0,0.0
4401,4.0,4.0,2.0
4402,0.0,0.0,0.0
4403,0.0,0.0,0.0
4404,2.0,2.5,0.5
4405,0.0,0.0,0.0
4406,0.0,0.0,0.0
4407,0.0,0.0,0.0
4408,0.0,0.0,0.0
4409,0.4,0.5,0.7
4410,0.0,0.0,0.0
4411,0.0,0.0,0.0
4412,1.0,8.0,1.0
4413,1.0,2.5,1.5
4414,0.0,0.0,0.0
4415,0.0,0.0,0.0
4416,3.8,3.2,1.4
4417,1.5,6.0,4.5
4418,0.7,0.5,0.0
4419,0.0,0.0,0.0
4420,9.0,8.4,2.6
4421,20.0,20.0,10.0
4422,0.0,0.0,0.0
4423,6.0,8.0,6.0
4424,0.0,0.0,0.0
4425,0.0,0.0,0.0
4426,0.0,0.0,0.0
4427,0.0,0.0,0.0
4428,2.0,2.3,0.0
4429,0.0,0.0,0.0
4430,0.0,2.1,0.9
4431,0.5,0.3,0.0
4432,2.0,1.5,1.5
4433,0.5,0.3,0.2
4434,3.0,2.0,1.0
4435,0.5,0.6,0.0
4436,0.0,0.0,0.0
4437,0.0,0.0,0.0
4438,0.0,0.0,0.0
4439,0.0,0.0,0.0
4440,0.0,0.0,0.0
4441,0.0,0.0,0.0
4442,0.0,0.0,0.0
4443,0.0,0.0,0.0
4444,0.0,0.0,0.0
4445,20.3,16.1,8.1
4446,0.0,0.0,0.0
4447,0.7,0.2,0.0
4448,2.0,2.0,0.0
4449,0.0,0.0,0.0
4450,0.0,0.0,0.0
4451,3.0,4.0,1.0
4452,3.0,2.0,2.0
4453,1.1,6.5,0.3
4454,0.0,0.0,0.0
4455,0.0,0.0,0.0
4456,1.0,1.9,1.8
4457,0.0,0.0,0.0
4458,22.1,13.0,9.4
4459,0.0,0.0,0.0
4460,3.9,4.0,1.0
4461,0.5,0.3,0.2
4462,0.6,0.8,0.6
4463,0.0,0.0,0.0
4464,0.0,0.0,0.0
4465,0.0,0.0,0.0
4466,0.0,0.0,0.0
4467,0.0,0.0,0.0
4468,0.0,0.0,0.0
4469,2.0,3.0,1.0
4470,0.0,0.0,0.0
4471,0.0,0.0,0.0
4472,0.0,0.0,0.0
4473,4.0,5.0,4.0
4474,0.0,0.0,0.0
4475,2.4,3.2,1.4
4476,5.0,3.0,3.0
4477,0.0,0.0,0.0
4478,5.4,2.2,0.4
4479,0.0,0.0,0.0
4480,0.0,0.0,0.0
4481,0.0,0.0,0.0
4482,0.0,0.0,0.0
4483,0.0,0.0,0.0
4484,0.0,0.0,0.0
4485,0.0,0.0,0.0
4486,0.0,0.0,0.0
4487,0.0,0.0,0.0
4488,9.7,3.5,0.9
4489,0.0,0.0,0.0
4490,1.5,0.5,0.0
4491,5.0,3.0,2.0
4492,0.0,0.0,0.0
4493,1.6,1.2,2.5
4494,0.0,0.0,0.0
4495,0.0,0.0,0.0
4496,0.0,0.0,0.0
4497,0.0,0.0,0.0
4498,1.4,8.3,4.7
4499,2.5,2.3,2.6
4500,6.0,7.5,1.5
4501,8.0,3.0,0.0
4502,0.0,0.0,0.0
4503,1.0,2.5,0.5
4504,4.2,3.0,1.8
4505,0.0,0.0,0.0
4506,5.2,4.0,2.5
4507,1.5,2.0,1.5
4508,0.0,0.0,0.0
4509,0.0,0.0,0.0
4510,0.5,0.4,0.1
4511,0.4,1.6,0.0
4512,0.0,0.0,0.0
4513,12.6,16.8,12.6
4514,2.0,6.0,0.0
4515,3.5,4.0,2.5
4516,8.0,10.0,7.0
4517,0.0,0.0,0.0
4518,0.9,2.6,0.6
4519,2.0,2.0,1.0
4520,0.0,0.0,0.0
4521,0.0,0.0,0.0
4522,0.5,0.8,0.2
4523,0.0,0.0,0.0
4524,4.0,5.0,2.0
4525,0.0,0.0,0.0
4526,0.0,0.0,0.0
4527,0.5,0.0,0.0
4528,0.3,0.0,0.0
4529,0.0,0.0,0.0
4530,0.0,0.0,0.0
4531,0.0,0.0,0.0
4532,0.9,0.3,0.3
4533,41.0,30.0,12.0
4534,3.5,2.5,1.0
4535,2.0,4.0,4.0
4536,0.0,0.0,0.0
4537,0.0,0.0,0.0
4538,1.5,1.0,0.5
4539,0.0,0.0,0.0
4540,0.0,0.0,0.0
4541,0.0,0.0,0.0
4542,0.0,0.0,0.0
4543,5.5,6.3,2.1
4544,0.0,0.0,0.0
4545,2.7,2.6,1.2
4546,0.0,0.0,0.0
4547,0.0,0.0,0.0
4548,0.0,0.0,0.0
4549,0.0,0.0,0.0
4550,2.0,2.0,1.0
4551,0.0,0.0,0.0
4552,0.0,0.0,0.0
4553,8.0,8.0,4.0
4554,0.3,0.0,0.0
4555,0.0,0.0,0.0
4556,0.0,0.0,0.0
4557,0.4,0.0,0.0
4558,1.2,9.2,2.4
4559,0.0,0.0,0.0
4560,0.1,0.0,0.0
4561,0.0,0.0,0.0
4562,0.0,0.0,0.0
4563,0.0,0.0,0.0
4564,0.1,0.0,0.0
4565,0.1,0.0,0.0
4566,1.5,2.0,1.5
4567,1.5,2.5,1.0
4568,0.0,0.0,0.0
4569,0.0,0.0,0.0
4570,0.0,0.0,0.0
4571,0.0,0.0,0.0
4572,0.0,0.0,0.0
4573,0.0,0.0,0.0
4574,0.0,0.0,0.0
4575,1.0,2.0,2.0
4576,1.4,1.0,0.8
4577,2.7,2.8,0.6
4578,1.0,0.5,0.0
4579,0.0,0.0,0.0
4580,7.1,6.4,2.4
4581,4.0,4.0,2.0
4582,0.0,0.0,0.0
4583,3.0,4.0,1.0
4584,0.4,0.8,0.6
4585,0.0,0.0,0.0
4586,0.0,0.0,0.0
4587,0.0,0.0,0.0
4588,0.0,0.0,0.0
4589,5.5,5.6,0.8
4590,1.0,2.5,1.5
4591,1.2,0.4,0.4
4592,0.0,0.0,0.0
4593,1.5,1.5,0.0
4594,0.0,0.0,0.0
4595,0.0,0.0,0.0
4596,10.8,7.0,6.2
4597,0.0,0.0,0.0
4598,0.0,0.0,0.0
4599,3.5,4.5,2.0
4600,1.7,0.3,0.0
4601,0.0,0.0,0.0
4602,0.0,0.0,0.0
4603,0.2,0.5,0.8
4604,0.0,0.0,0.0
4605,0.0,0.0,0.0
4606,0.0,0.0,0.0
4607,0.0,0.0,0.0
4608,0.0,0.0,0.0
4609,1.5,0.8,0.0
4610,0.0,0.0,0.0
4611,0.0,0.0,0.0
4612,0.0,0.0,0.0
4613,0.0,0.0,0.0
4614,1.7,1.3,0.0
4615,0.0,0.0,0.0
4616,1.5,0.5,0.0
4617,0.0,0.0,0.0
4618,0.0,0.0,0.0
4619,0.0,0.0,0.0
4620,0.0,0.0,0.0
4621,0.0,0.0,0.0
4622,0.0,0.0,0.0
4623,0.0,0.0,0.0
4624,0.0,0.0,0.0
4625,1.6,0.5,0.0
4626,0.1,0.1,0.0
4627,0.0,0.0,0.0
4628,0.0,0.0,0.0
4629,0.5,1.2,0.6
4630,2.2,6.5,2.3
4631,0.5,0.4,0.1
4632,0.0,0.0,0.0
4633,0.0,0.0,0.0
4634,0.0,0.0,0.0
4635,0.0,0.0,0.0
4636,0.0,0.0,0.0
4637,0.0,0.0,0.0
4638,0.0,0.0,0.0
4639,0.0,0.0,0.0
4640,0.2,1.2,0.5
4641,0.6,0.8,0.6
4642,2.0,0.5,0.0
4643,5.0,5.0,2.0
4644,0.0,0.0,0.0
4645,0.0,0.0,0.0
4646,2.8,2.3,1.3
4647,0.0,0.0,0.0
4648,2.0,1.5,1.5
4649,9.0,9.1,7.3
4650,0.0,0.0,0.0
4651,0.3,1.5,0.5
4652,4.5,6.0,4.5
4653,0.0,0.0,0.0
4654,3.5,4.0,2.5
4655,2.2,0.8,1.5
4656,0.0,0.0,0.0
4657,0.6,0.0,0.0
4658,3.0,3.0,2.0
4659,0.0,0.0,0.0
4660,0.0,0.0,0.0
4661,2.0,3.5,0.0
4662,2.5,1.5,1.0
4663,0.0,0.0,0.0
4664,0.0,0.0,0.0
4665,0.0,0.0,0.0
4666,0.1,0.2,0.0
4667,2.0,2.0,1.0
4668,1.5,1.3,0.2
4669,1.2,2.1,0.3
4670,0.8,1.0,0.0
4671,0.5,0.3,0.0
4672,0.0,0.0,0.0
4673,1.0,0.0,0.0
4674,7.5,3.1,1.0
4675,0.0,0.0,0.0
4676,0.0,0.0,0.0
4677,1.3,0.0,0.0
4678,0.0,0.0,0.0
4679,0.0,0.0,0.0
4680,0.0,0.0,0.0
4681,6.0,6.0,3.0
4682,0.0,0.0,0.0
4683,4.5,3.0,0.5
4684,2.9,1.2,1.8
4685,3.5,2.2,0.0
4686,7.7,2.6,1.8
4687,1.0,1.5,0.5
4688,20.0,20.0,10.0
4689,0.6,1.0,0.4
4690,0.0,0.0,0.0
4691,0.0,0.0,0.0
4692,5.6,1.2,0.7
4693,0.0,0.0,0.0
4694,1.0,0.0,0.0
4695,0.0,0.0,0.0
4696,0.0,0.0,0.0
4697,0.0,0.0,0.0
4698,0.0,0.0,0.0
4699,0.0,0.0,0.0
4700,0.0,0.0,0.0
4701,4.0,2.0,0.0
4702,0.0,0.0,0.0
4703,0.0,0.0,0.0
4704,0.0,0.0,0.0
4705,0.0,0.0,0.0
4706,0.0,0.0,0.0
4707,0.0,0.0,0.0
4708,0.0,0.0,0.0
4709,0.0,0.0,0.0
4710,0.0,0.0,0.0
4711,0.0,0.0,0.0
4712,0.0,0.0,0.0
4713,0.0,0.0,0.0
4714,0.0,0.0,0.0
4715,0.0,0.0,0.0
4716,0.0,0.0,0.0
4717,0.0,0.0,0.0
4718,0.0,0.0,0.0
4719,0.0,0.0,0.0
4720,0.0,0.0,0.0
4721,0.0,0.0,0.0
4722,0.0,0.0,0.0
4723,0.0,0.0,0.0
4724,0.0,0.0,0.0
4725,0.0,0.0,0.0
4726,0.0,0.0,0.0
4727,0.0,0.0,0.0
4728,0.0,0.0,0.0
4729,0.0,0.0,0.0
4730,0.0,0.0,0.0
4731,1.3,0.6,0.1
4732,1.0,0.5,0.0
4733,10.0,6.0,4.0
4734,4.0,4.0,3.0
4735,8.0,33.0,26.0
4736,4.0,3.0,3.0
4737,0.0,0.0,0.0
4738,0.1,0.0,0.0
4739,0.3,1.0,0.2
4740,0.2,0.9,0.4
4741,0.5,1.8,0.8
4742,3.0,8.0,4.0
4743,0.0,0.0,0.0
4744,8.0,4.0,8.0
4745,3.0,4.0,3.0
4746,0.3,0.2,0.1
4747,18.9,56.7,29.4
4748,0.0,0.0,0.0
4749,6.1,14.3,8.9
4750,0.0,0.0,0.0
4751,3.0,2.2,0.8
4752,0.0,0.0,0.0
4753,3.0,2.0,1.0
4754,10.0,15.0,20.0
4755,2.1,1.0,1.5
4756,0.0,0.0,0.0
4757,4.0,4.0,0.0
4758,2.0,2.5,1.5
4759,5.0,12.0,6.0
4760,3.5,0.5,0.0
4761,0.0,0.0,0.0
4762,5.0,7.0,1.0
4763,2.0,0.5,1.5
4764,0.0,0.0,0.0
4765,0.0,0.0,0.0
4766,0.0,0.0,0.0
4767,9.0,20.0,65.0
4768,0.0,0.0,0.0
4769,0.0,0.0,0.0
4770,0.1,0.2,0.0
4771,0.3,0.1,0.1
4772,0.0,0.0,0.0
4773,1.0,2.0,1.3
4774,4.0,3.0,1.0
4775,0.0,0.0,0.0
4776,4.0,2.0,14.0
4777,0.0,0.0,0.0
4778,0.0,0.0,0.0
4779,9.0,13.0,3.0
4780,6.6,22.0,22.4
4781,1.7,1.0,0.3
4782,0.4,1.9,3.3
4783,1.0,1.0,1.0
4784,2.0,2.0,0.0
4785,0.6,0.0,0.0
4786,1.8,1.7,1.0
4787,0.0,0.0,0.0
4788,0.2,0.8,0.0
4789,0.0,0.0,0.0
4790,0.2,0.6,0.2
4791,4.0,4.0,2.0
4792,1.4,0.8,1.8
4793,1.2,0.3,0.0
4794,42.0,58.0,42.0
4795,0.0,0.0,0.0
4796,7.0,15.0,8.0
4797,0.0,0.0,0.0
4798,3.0,2.0,4.0
4799,2.0,6.0,1.0
4800,3.0,2.0,0.0
4801,0.0,0.0,0.0
4802,0.0,0.0,0.0
4803,0.0,0.0,0.0
4804,0.0,0.0,0.0
4805,5.2,14.4,13.4
4806,0.7,0.3,0.0
4807,5.0,10.0,5.0
4808,1.0,0.0,0.0
4809,2.0,6.0,2.0
4810,0.0,0.0,0.0
4811,3.0,3.0,2.0
4812,1.8,0.7,0.5
4813,0.0,0.0,0.0
4814,0.0,0.0,0.0
4815,0.6,1.0,0.3
4816,2.0,3.8,0.2
4817,18.0,13.0,6.0
4818,0.2,0.0,0.0
4819,0.4,0.4,0.0
4820,0.0,0.0,0.0
4821,4.0,2.0,2.0
4822,20.0,20.0,60.0
4823,15.0,35.0,30.0
4824,0.0,0.0,0.0
4825,1.5,2.0,1.5
4826,0.3,0.0,0.0
4827,0.0,0.0,0.0
4828,3.0,1.0,2.0
4829,35.0,62.0,42.0
4830,1.5,1.0,0.5
4831,0.0,0.0,0.0
4832,1.3,0.2,0.0
4833,0.0,0.0,0.0
4834,12.0,16.0,11.0
4835,2.0,1.0,1.0
4836,4.0,5.0,6.0
4837,0.4,0.2,0.0
4838,2.0,2.0,1.0
4839,0.3,0.2,0.1
4840,0.0,0.0,0.0
4841,0.0,0.0,0.0
4842,5.0,3.0,2.0
4843,7.0,10.0,8.0
4844,0.6,2.0,1.4
4845,4.0,8.0,6.0
4846,26.0,26.0,39.0
4847,2.5,0.5,0.0
4848,2.0,2.0,10.0
4849,0.0,0.0,0.0
4850,1.2,1.6,0.4
4851,0.0,0.0,0.0
4852,0.0,0.0,0.0
4853,0.8,0.6,0.2
4854,3.0,3.0,2.0
4855,2.0,2.0,1.0
4856,0.6,0.4,0.0
4857,0.0,0.0,0.0
4858,0.0,0.0,0.0
4859,3.0,4.0,5.0
4860,2.0,1.0,2.0
4861,3.0,2.0,2.0
4862,5.0,5.0,3.0
4863,4.0,4.0,5.0
4864,2.0,1.0,0.0
4865,2.0,4.0,4.0
4866,2.0,3.0,3.0
4867,7.0,12.0,16.0
4868,4.0,11.0,5.0
4869,3.0,2.0,4.0
4870,1.0,1.5,1.5
4871,1.0,0.7,0.8
4872,0.0,0.0,0.0
4873,2.0,4.0,6.0
4874,0.0,0.0,0.0
4875,7.0,9.0,15.0
4876,3.0,3.5,3.5
4877,1.0,3.0,7.0
4878,4.0,3.0,1.0
4879,4.0,3.0,3.0
4880,2.0,4.0,2.0
4881,3.0,4.0,3.0
4882,0.0,0.0,0.0
4883,2.0,1.0,2.0
4884,5.0,2.0,8.0
4885,0.0,0.0,0.0
4886,4.0,8.0,8.0
4887,2.0,4.0,5.0
4888,0.0,0.0,0.0
4889,10.0,8.0,12.0
4890,4.0,6.0,5.0
4891,0.7,0.0,0.0
4892,0.0,0.0,0.0
4893,2.0,3.0,4.0
4894,5.0,3.0,7.0
4895,3.0,3.0,4.0
4896,10.0,20.0,8.0
4897,15.0,34.0,24.0
4898,0.0,0.0,0.0
4899,0.0,0.0,0.0
4900,5.0,4.0,1.0
4901,6.0,7.0,7.0
4902,4.0,4.0,4.0
4903,16.6,25.2,37.1
4904,2.0,2.0,4.0
4905,0.5,1.5,0.0
4906,4.0,4.0,2.0
4907,0.0,0.0,0.0
4908,10.0,15.0,10.0
4909,4.0,9.0,7.0
4910,1.1,0.3,0.6
4911,1.1,0.3,0.8
4912,0.5,0.8,0.3
4913,1.0,1.3,0.7
4914,4.0,3.0,2.0
4915,0.3,0.3,0.3
4916,0.1,0.1,0.0
4917,1.0,1.0,0.5
4918,9.0,9.0,5.0
4919,5.0,3.0,2.0
4920,7.0,10.0,3.0
4921,6.0,2.0,2.0
4922,12.0,21.0,27.0
4923,0.1,0.0,0.0
4924,5.1,4.1,7.2
4925,7.0,7.0,8.0
4926,0.0,0.0,0.0
4927,0.0,0.0,0.0
4928,4.2,14.7,6.1
4929,2.0,1.5,0.5
4930,0.0,0.0,0.0
4931,0.0,0.0,0.0
4932,5.0,3.0,2.0
4933,0.2,0.0,0.0
4934,5.0,7.0,9.0
4935,8.0,10.0,6.0
4936,20.0,55.0,25.0
4937,0.0,0.0,0.0
4938,3.0,2.5,1.5
4939,0.0,0.0,0.0
4940,2.5,2.0,0.5
4941,4.0,3.0,4.0
4942,0.0,0.0,0.0
4943,6.0,4.0,5.0
4944,12.0,7.0,6.0
4945,0.0,0.0,0.0
4946,5.0,14.0,6.0
4947,1.5,1.0,0.5
4948,20.0,50.0,50.0
4949,0.0,0.0,0.0
4950,0.0,0.0,0.0
4951,16.0,18.0,21.0
4952,0.0,0.0,0.0
4953,0.0,0.0,0.0
4954,0.5,1.5,2.0
4955,4.0,3.0,3.0
4956,5.0,2.0,1.0
4957,2.0,2.0,1.0
4958,2.0,6.0,2.0
4959,0.0,0.0,0.0
4960,6.0,17.0,5.0
4961,20.0,50.0,45.0
4962,4.0,4.0,2.0
4963,0.0,0.0,0.0
4964,0.0,0.0,0.0
4965,0.0,0.0,0.0
4966,1.5,2.5,1.0
4967,0.0,0.0,0.0
4968,2.0,1.0,1.0
4969,1.0,0.0,0.2
4970,0.0,0.0,0.0
4971,0.0,0.0,0.0
4972,0.4,0.0,0.0
4973,0.0,0.0,0.0
4974,0.6,0.4,0.0
4975,0.0,0.0,0.0
4976,8.0,14.0,10.0
4977,0.4,0.1,0.1
4978,2.5,5.0,2.5
4979,1.5,0.5,0.0
4980,13.5,78.0,43.5
4981,0.0,0.0,0.0
4982,0.5,0.4,0.7
4983,25.0,50.0,34.0
4984,4.0,5.0,1.0
4985,4.0,8.0,4.0
4986,2.2,3.0,1.5
4987,0.5,0.0,0.0
4988,3.0,1.0,0.9
4989,0.0,0.0,0.0
4990,0.8,0.5,0.4
4991,0.6,0.4,0.0
4992,2.4,1.6,1.0
4993,5.0,7.0,4.0
4994,0.0,0.0,0.0
4995,2.0,2.0,0.0
4996,0.7,0.2,0.1
4997,3.0,4.0,6.0
4998,0.8,0.0,0.0
4999,2.0,2.0,5.0
5000,5.0,8.0,5.0
5001,0.0,0.0,0.0
5002,6.0,8.0,6.0
5003,0.0,0.0,0.0
5004,2.0,3.0,3.0
5005,0.7,0.4,0.0
5006,2.0,2.0,0.5
5007,1.0,3.0,1.0
5008,4.6,2.0,1.0
5009,2.0,3.0,1.0
5010,5.0,4.0,1.0
5011,4.0,2.0,2.0
5012,40.0,110.0,50.0
5013,0.0,0.0,0.0
5014,1.2,4.2,4.6
5015,10.0,20.0,20.0
5016,0.0,0.0,0.0
5017,0.0,0.0,0.0
5018,8.0,6.0,1.0
5019,0.0,0.0,0.0
5020,2.0,1.0,0.0
5021,3.5,3.5,0.0
5022,2.3,0.0,0.0
5023,3.0,2.0,0.0
5024,0.0,0.0,0.0
5025,0.1,0.0,0.0
5026,0.0,0.0,0.0
5027,0.0,0.0,0.0
5028,1.5,0.5,0.0
5029,0.0,0.0,0.0
5030,0.0,0.0,0.0
5031,0.0,0.0,0.0
5032,0.0,0.0,0.0
5033,0.0,0.0,0.0
5034,0.0,0.0,0.0
5035,0.0,0.0,0.0
5036,1.5,3.9,0.6
5037,0.1,0.0,0.0
5038,0.0,0.0,0.0
5039,0.0,0.0,0.0
5040,1.5,0.0,0.0
5041,0.0,0.0,0.0
5042,0.0,0.0,0.0
5043,0.0,0.0,0.0
5044,0.2,0.0,0.0
5045,0.0,0.0,0.0
5046,3.0,5.0,1.0
5047,0.0,0.0,0.0
5048,2.4,0.2,0.4
5049,0.0,0.0,0.0
5050,0.0,0.0,0.0
5051,0.2,0.0,0.0
5052,0.0,0.0,0.0
5053,0.0,0.0,0.0
5054,3.3,7.4,5.3
5055,0.0,0.0,0.0
5056,0.0,0.0,0.0
5057,0.1,0.0,0.0
5058,0.0,0.0,0.0
5059,0.0,0.0,0.0
5060,0.0,0.0,0.0
5061,0.8,0.4,0.0
5062,0.0,0.0,0.0
5063,0.0,0.0,0.0
5064,0.0,0.0,0.0
5065,0.5,0.5,0.0
5066,0.0,0.0,0.0
5067,0.0,0.0,0.0
5068,1.0,1.3,0.0
5069,0.0,0.0,0.0
5070,0.0,0.0,0.0
5071,0.0,0.0,0.0
5072,0.0,0.0,0.0
5073,2.0,1.0,1.2
5074,0.0,0.0,0.0
5075,0.0,0.0,0.0
5076,15.0,12.0,4.0
5077,0.0,0.0,0.0
5078,1.5,0.5,0.1
5079,2.0,0.0,1.0
5080,0.0,0.0,0.0
5081,1.5,0.5,0.5
5082,1.0,1.0,0.0
5083,0.0,0.0,0.0
5084,0.0,0.0,0.0
5085,0.0,0.0,0.0
5086,0.0,0.0,0.0
5087,0.0,0.0,0.0
5088,0.0,0.0,0.0
5089,0.0,0.0,0.0
5090,0.4,0.2,0.0
5091,0.0,0.0,0.0
5092,0.0,0.0,0.0
5093,0.0,0.0,0.0
5094,0.0,0.0,0.0
5095,0.0,0.0,0.0
5096,0.0,0.0,0.0
5097,3.0,1.0,1.0
5098,0.0,0.0,0.0
5099,0.0,0.0,0.0
5100,0.0,0.0,0.0
5101,0.0,0.0,0.0
5102,0.3,0.1,0.0
5103,0.4,0.0,0.0
5104,0.8,0.0,0.0
5105,0.0,0.0,0.0
5106,0.2,0.0,0.0
5107,0.0,0.0,0.0
5108,0.0,0.0,0.0
5109,0.0,0.0,0.0
5110,0.0,0.0,0.0
5111,0.0,0.0,0.0
5112,3.0,2.0,0.0
5113,0.0,0.0,0.0
5114,0.0,0.0,0.0
5115,0.0,0.0,0.0
5116,5.0,3.0,2.0
5117,0.0,0.0,0.0
5118,0.0,0.0,0.0
5119,0.5,0.0,0.0
5120,0.0,0.0,0.0
5121,3.0,19.0,13.0
5122,0.0,0.0,0.0
5123,1.2,0.0,2.7
5124,6.0,8.0,6.0
5125,0.0,0.0,0.0
5126,0.0,0.0,0.0
5127,0.0,0.0,0.0
5128,0.0,0.0,0.0
5129,0.0,0.0,0.0
5130,0.0,0.0,0.0
5131,2.6,0.4,0.0
5132,4.0,12.0,6.0
5133,0.5,1.5,1.0
5134,0.0,0.0,0.0
5135,0.0,0.0,0.0
5136,0.0,0.0,0.0
5137,0.0,0.0,0.0
5138,0.0,0.0,0.0
5139,0.0,0.0,0.0
5140,0.0,0.0,0.0
5141,0.0,0.0,0.0
5142,0.0,0.0,0.0
5143,0.0,0.0,0.0
5144,0.0,0.0,0.0
5145,0.0,0.0,0.0
5146,0.3,0.0,0.0
5147,2.0,3.3,1.6
5148,0.2,0.0,0.0
5149,1.0,0.3,0.5
5150,1.0,0.8,0.0
5151,0.8,0.0,0.0
5152,2.0,1.0,1.0
5153,0.2,0.0,0.0
5154,0.0,0.0,0.0
5155,0.0,0.0,0.0
5156,0.0,0.0,0.0
5157,3.5,4.0,5.0
5158,0.5,5.5,0.0
5159,0.0,0.0,0.0
5160,0.0,0.0,0.0
5161,4.0,3.0,0.0
5162,0.0,0.0,0.0
5163,2.9,0.2,0.0
5164,0.0,0.0,0.0
5165,0.2,0.6,1.0
5166,0.0,0.0,0.0
5167,0.0,0.0,0.0
5168,0.0,0.0,0.0
5169,0.0,0.0,0.0
5170,0.0,0.0,0.0
5171,4.0,3.0,3.0
5172,0.0,0.0,0.0
5173,0.5,0.0,0.0
5174,0.0,0.0,0.0
5175,4.0,10.0,6.0
5176,2.0,2.0,1.0
5177,0.0,0.0,0.0
5178,0.0,0.0,0.0
5179,0.0,0.0,0.0
5180,0.0,0.0,0.0
5181,0.0,0.0,0.0
5182,0.0,0.0,0.0
5183,0.0,0.0,0.0
5184,4.0,8.0,8.0
5185,0.0,10.0,0.0
5186,0.0,0.0,0.0
5187,0.0,0.0,0.0
5188,3.2,1.0,0.8
5189,0.0,0.0,0.0
5190,0.0,0.0,0.0
5191,2.0,5.0,0.0
5192,0.0,0.0,0.0
5193,0.0,0.0,0.0
5194,0.0,0.0,0.0
5195,6.0,2.0,1.0
5196,4.0,6.0,2.0
5197,2.0,0.5,0.0
5198,1.6,1.4,0.0
5199,1.5,9.2,16.3
5200,0.8,3.4,0.0
5201,1.0,5.0,3.4
5202,1.4,8.3,5.3
5203,1.0,6.0,1.0
5204,1.2,1.5,1.0
5205,3.0,2.0,0.0
5206,1.0,3.0,2.0
5207,4.0,7.5,9.5
5208,3.0,3.0,4.0
5209,4.0,3.0,1.0
5210,2.0,4.6,0.6
5211,12.0,10.0,2.0
5212,7.0,4.0,0.0
5213,2.1,3.3,0.9
5214,6.3,4.3,4.7
5215,0.8,1.2,0.0
5216,0.5,1.4,1.5
5217,3.0,4.3,5.0
5218,0.2,0.1,0.0
5219,0.4,2.9,1.5
5220,2.8,11.4,10.0
5221,0.0,0.0,0.0
5222,0.5,3.5,1.0
5223,0.0,0.0,0.0
5224,0.0,0.0,0.0
5225,1.0,3.0,6.0
5226,9.0,20.0,11.0
5227,0.0,0.0,0.0
5228,8.0,16.0,16.0
5229,1.0,3.0,6.0
5230,0.0,0.0,0.0
5231,15.0,0.0,5.0
5232,1.0,4.0,3.0
5233,0.0,0.0,0.0
5234,0.5,3.5,6.5
5235,0.0,0.0,0.0
5236,1.0,2.0,3.0
5237,0.0,0.0,0.0
5238,1.0,3.0,5.0
5239,0.0,0.0,0.0
5240,2.0,5.0,3.0
5241,10.0,20.0,10.0
5242,0.0,0.0,0.0
5243,3.0,7.0,10.0
5244,2.0,5.0,3.0
5245,5.0,0.0,5.0
5246,0.0,0.0,0.0
5247,2.5,5.5,2.0
5248,0.0,0.0,0.0
5249,5.0,1.0,12.0
5250,0.2,0.0,0.0
5251,0.0,0.0,0.0
5252,0.0,0.0,0.0
5253,0.0,0.0,0.0
5254,2.5,5.0,2.5
5255,3.0,4.0,3.0
5256,4.0,9.0,9.0
5257,2.5,0.0,0.5
5258,3.0,7.0,10.0
5259,2.0,28.0,14.0
5260,0.0,0.0,0.0
5261,0.0,0.0,0.0
5262,0.0,0.0,0.0
5263,0.0,0.0,0.0
5264,0.0,0.0,0.0
5265,0.0,0.0,0.0
5266,0.0,0.0,0.0
5267,0.0,0.0,0.0
5268,0.8,0.0,0.0
5269,0.0,0.0,0.0
5270,0.0,0.0,0.0
5271,1.0,0.0,0.0
5272,13.7,4.6,3.7
5273,3.0,4.0,2.0
5274,0.0,0.0,0.0
5275,4.0,5.0,2.0
5276,4.0,12.0,4.0
5277,15.5,6.0,7.0
5278,25.0,10.0,15.0
5279,2.0,2.0,1.0
5280,12.0,20.0,6.0
5281,5.0,4.0,4.0
5282,10.0,4.0,1.0
5283,10.0,15.0,10.0
5284,3.6,5.6,2.5
5285,10.0,4.0,6.0
5286,0.0,0.0,0.0
5287,1.3,0.4,0.0
5288,4.0,14.4,21.6
5289,12.0,10.0,8.0
5290,2.5,0.5,0.0
5291,0.0,0.0,0.0
5292,0.0,0.0,0.0
5293,0.0,0.0,0.0
5294,0.0,0.0,0.0
5295,0.0,0.0,0.0
5296,0.0,0.0,0.0
5297,0.0,0.0,0.0
5298,0.0,0.0,0.0
5299,0.0,0.0,0.0
5300,0.0,0.0,0.0
5301,0.0,0.0,0.0
5302,0.0,0.0,0.0
5303,0.0,0.0,0.0
5304,0.0,0.0,0.0
5305,0.0,0.0,0.0
5306,0.1,0.0,0.0
5307,0.0,0.0,0.0
5308,1.2,0.9,0.0
5309,0.0,0.0,0.0
5310,0.0,0.0,0.0
5311,0.0,0.0,0.0
5312,1.0,0.0,0.0
5313,0.0,0.0,0.0
5314,0.0,0.0,0.0
5315,0.0,1.0,0.0
5316,0.6,0.4,0.0
5317,5.0,3.0,2.0
5318,0.0,0.0,0.0
5319,0.0,0.0,0.0
5320,0.0,0.0,0.0
5321,0.0,0.0,0.0
5322,0.0,3.5,0.0
5323,2.7,4.1,2.9
5324,0.0,0.0,0.0
5325,0.0,0.0,0.0
5326,0.6,0.2,0.0
5327,0.0,0.0,0.0
5328,0.6,0.0,0.0
5329,0.7,0.1,0.2
5330,1.6,0.0,0.0
5331,1.5,1.0,0.0
5332,0.0,0.0,0.0
5333,0.0,0.0,0.0
5334,2.5,1.8,0.6
5335,0.7,0.0,0.0
5336,1.4,0.0,0.0
5337,0.0,0.0,0.0
5338,2.3,13.2,13.5
5339,0.3,0.3,0.0
5340,0.2,4.8,2.3
5341,3.4,18.8,10.3
5342,0.5,0.6,4.5
5343,1.0,5.3,7.1
5344,1.5,1.0,1.0
5345,1.5,1.0,0.2
5346,0.1,0.0,0.0
5347,1.0,1.5,0.0
5348,2.0,0.5,0.6
5349,0.7,0.0,0.0
5350,2.0,1.7,0.6
5351,0.0,1.1,0.0
5352,1.5,1.0,0.5
5353,2.0,1.0,0.0
5354,0.0,0.3,0.0
5355,5.4,1.0,1.3
5356,1.0,0.0,0.0
5357,0.5,1.5,0.0
5358,2.5,0.0,0.0
5359,30.0,60.0,30.0
5360,9.0,8.0,8.0
5361,0.0,0.0,0.0
5362,5.0,4.0,3.0
5363,14.0,9.0,6.1
5364,3.0,6.5,2.0
5365,0.3,0.2,0.6
5366,15.0,25.0,5.0
5367,0.4,0.0,0.0
5368,0.5,3.5,1.0
5369,2.8,5.6,5.6
5370,5.0,12.0,35.0
5371,1.2,10.0,14.3
5372,5.0,2.0,0.0
5373,0.5,0.0,0.0
5374,1.0,0.0,0.0
5375,1.0,2.0,1.0
5376,0.3,0.0,0.0
5377,0.1,0.0,0.0
5378,0.0,0.0,0.0
5379,0.0,0.2,0.0
5380,1.0,0.3,0.2
5381,0.0,0.0,0.0
5382,0.1,0.0,0.0
5383,0.4,0.0,0.0
5384,1.4,0.9,0.5
5385,1.5,0.0,0.0
5386,0.4,0.0,0.0
5387,3.5,2.0,0.0
5388,0.4,0.3,0.0
5389,0.7,0.6,0.0
5390,1.5,1.5,1.0
5391,0.8,0.5,0.0
5392,0.2,0.4,0.0
5393,2.0,3.0,1.0
5394,1.0,8.0,1.0
5395,0.2,0.0,0.0
5396,1.0,0.0,0.0
5397,1.0,0.0,0.0
5398,15.0,65.0,12.0
5399,0.1,0.0,0.0
5400,7.0,3.0,0.0
5401,10.0,20.0,20.0
5402,1.0,2.0,1.0
5403,25.0,45.0,30.0
5404,22.0,60.0,18.0
5405,9.0,0.0,1.0
5406,0.0,0.0,0.0
5407,7.0,60.0,3.0
5408,0.0,0.0,0.0
5409,0.0,0.0,0.0
5410,0.2,0.1,0.0
5411,0.0,0.0,0.0
5412,0.0,0.0,0.0
5413,0.0,0.0,0.0
5414,0.0,0.0,0.0
5415,0.3,0.2,0.0
5416,0.0,0.0,0.0
5417,0.0,0.0,0.0
5418,0.0,0.0,0.0
5419,0.0,0.1,0.0
5420,2.0,4.0,1.0
5421,5.0,3.0,0.0
5422,46.0,30.0,4.0
5423,4.0,3.0,0.0
5424,0.0,0.0,0.0
5425,4.0,2.0,3.0
5426,0.3,9.2,6.5
5427,0.0,0.0,0.0
5428,0.0,0.0,0.0
5429,0.0,0.0,0.0
5430,10.5,7.5,2.0
5431,0.0,0.0,0.0
5432,0.0,1.0,0.0
5433,0.0,0.0,0.0
5434,0.0,0.0,0.0
5435,0.0,0.0,0.0
5436,6.0,8.0,3.0
5437,1.5,0.5,0.0
5438,0.4,0.0,0.0
5439,0.5,0.3,0.2
5440,1.3,0.5,0.0
5441,0.9,0.0,0.0
5442,0.3,0.0,0.0
5443,0.0,0.0,0.0
5444,0.0,0.0,0.0
5445,0.0,0.0,0.0
5446,0.0,0.0,0.0
5447,0.0,0.0,0.0
5448,0.5,0.0,0.5
5449,0.0,0.0,0.0
5450,0.0,0.0,0.0
5451,1.0,1.0,0.0
5452,0.0,0.0,0.0
5453,0.6,0.8,1.0
5454,3.0,40.0,2.0
5455,0.3,0.0,0.0
5456,1.0,0.0,0.0
5457,0.0,0.0,0.0
5458,0.4,0.0,0.0
5459,3.0,1.8,1.6
5460,0.0,0.0,0.0
5461,1.0,0.0,0.0
5462,0.0,0.0,0.0
5463,2.0,1.0,0.0
5464,3.0,0.7,0.3
5465,0.5,0.1,0.0
5466,1.8,0.0,0.0
5467,2.4,2.5,1.0
5468,12.0,5.0,0.0
5469,7.0,5.5,4.5
5470,0.0,0.0,0.0
5471,0.1,0.0,0.0
5472,0.5,0.0,0.1
5473,0.3,0.0,0.0
5474,0.1,0.0,0.0
5475,0.0,0.0,0.2
5476,3.0,2.0,1.0
5477,0.0,0.0,0.0
5478,1.0,2.0,1.0
