Resort ID,Adult,Currency
1,55.0,GBP
2,53.0,GBP
3,49.0,GBP
4,53.0,GBP
5,51.0,GBP
6,53.0,GBP
8,52.0,GBP
10,53.0,GBP
12,52.0,GBP
14,52.0,GBP
17,51.0,GBP
18,45.0,GBP
19,51.0,GBP
20,52.0,GBP
22,46.0,GBP
24,50.0,GBP
25,45.0,GBP
27,41.0,GBP
28,47.0,GBP
29,39.0,GBP
30,47.0,GBP
33,42.0,GBP
34,44.0,GBP
36,52.0,GBP
39,41.0,GBP
40,44.0,GBP
42,40.0,GBP
44,39.0,GBP
47,47.0,GBP
51,50.0,GBP
52,47.0,GBP
53,41.0,GBP
55,44.0,GBP
58,41.0,GBP
59,44.0,GBP
60,43.0,GBP
61,47.0,GBP
62,44.0,GBP
65,41.0,GBP
67,43.0,GBP
69,41.0,GBP
71,46.0,GBP
73,43.0,GBP
76,39.0,GBP
77,37.0,GBP
79,52.0,GBP
80,44.0,GBP
82,42.0,GBP
83,40.0,GBP
85,38.0,GBP
87,38.0,GBP
88,39.0,GBP
89,44.0,GBP
90,47.0,GBP
94,33.0,GBP
95,35.0,GBP
98,41.0,GBP
99,36.0,GBP
101,36.0,GBP
102,36.0,GBP
103,41.0,GBP
106,35.0,GBP
109,43.0,GBP
111,39.0,GBP
115,37.0,GBP
116,37.0,GBP
117,38.0,GBP
118,32.0,GBP
119,40.0,GBP
120,39.0,GBP
122,44.0,GBP
123,48.0,GBP
125,28.0,GBP
127,36.0,GBP
129,38.0,GBP
131,36.0,GBP
134,26.0,GBP
135,30.0,GBP
136,41.0,GBP
137,38.0,GBP
138,35.0,GBP
139,37.0,GBP
141,20.0,GBP
143,18.0,GBP
144,0.0,-
146,0.0,-
147,14.0,GBP
148,13.0,GBP
149,31.0,GBP
150,18.0,GBP
153,22.0,GBP
154,19.0,GBP
156,0.0,-
157,16.0,GBP
158,9.0,GBP
160,0.0,-
161,0.0,-
162,0.0,-
163,0.0,-
166,0.0,-
167,0.0,-
168,20.0,GBP
169,0.0,-
170,0.0,-
171,35.0,GBP
172,0.0,-
173,28.0,GBP
174,14.0,GBP
175,22.0,GBP
177,0.0,-
178,11.0,GBP
179,0.0,-
180,0.0,-
181,41.0,GBP
182,0.0,-
183,0.0,-
184,0.0,-
185,32.0,GBP
186,0.0,-
187,34.0,GBP
188,0.0,-
189,24.0,GBP
190,7.0,GBP
191,0.0,-
192,0.0,-
193,9.0,GBP
194,0.0,-
195,0.0,-
196,0.0,-
197,17.0,GBP
199,22.0,GBP
201,17.0,GBP
202,47.0,GBP
204,0.0,-
205,0.0,-
206,17.0,GBP
207,10.0,GBP
208,0.0,-
209,8.0,GBP
210,20.0,GBP
211,29.0,GBP
212,0.0,-
213,0.0,-
214,24.0,GBP
215,32.0,GBP
216,25.0,GBP
217,0.0,-
218,17.0,GBP
219,28.0,GBP
220,52.0,GBP
221,33.0,GBP
222,14.0,GBP
223,23.0,GBP
224,0.0,-
225,36.0,GBP
226,0.0,-
227,9.0,GBP
228,19.0,GBP
229,18.0,GBP
230,0.0,-
231,0.0,-
232,0.0,-
233,22.0,GBP
234,36.0,GBP
235,0.0,-
236,0.0,-
238,0.0,-
239,30.0,GBP
240,27.0,GBP
243,0.0,-
244,33.0,GBP
245,28.0,GBP
246,16.0,GBP
247,16.0,GBP
248,31.0,GBP
250,17.0,GBP
251,28.0,GBP
252,32.0,GBP
253,0.0,-
254,33.0,GBP
255,22.0,GBP
256,34.0,GBP
257,0.0,-
258,20.0,GBP
260,0.0,-
261,19.0,GBP
262,20.0,GBP
263,0.0,-
265,0.0,-
267,26.0,GBP
268,0.0,-
269,0.0,-
270,39.0,GBP
272,10.0,GBP
273,0.0,-
274,0.0,-
275,20.0,GBP
277,0.0,-
278,18.0,GBP
279,23.0,GBP
280,20.0,GBP
282,25.0,GBP
283,0.0,-
284,32.0,GBP
286,18.0,GBP
287,0.0,-
288,33.0,GBP
289,0.0,-
290,37.0,GBP
292,15.0,GBP
293,15.0,GBP
294,25.0,GBP
295,0.0,-
296,29.0,GBP
297,18.0,GBP
298,0.0,-
299,0.0,-
300,39.0,GBP
302,0.0,-
303,17.0,GBP
304,19.0,GBP
305,0.0,-
306,21.0,GBP
307,9.0,GBP
308,9.0,GBP
309,0.0,-
310,0.0,-
311,0.0,-
312,10.0,GBP
313,19.0,GBP
314,8.0,GBP
318,10.0,GBP
319,15.0,GBP
320,32.0,GBP
321,32.0,GBP
323,26.0,GBP
324,0.0,-
325,0.0,-
327,0.0,-
328,30.0,GBP
329,0.0,-
330,0.0,-
331,10.0,GBP
332,20.0,GBP
333,13.0,GBP
334,15.0,GBP
335,0.0,-
336,0.0,-
337,14.0,GBP
339,0.0,-
340,19.0,GBP
341,7.0,GBP
342,15.0,GBP
343,34.0,GBP
344,24.0,GBP
345,0.0,-
346,22.0,GBP
347,0.0,-
348,12.0,GBP
352,0.0,-
353,26.0,GBP
355,5.0,GBP
356,0.0,-
357,33.0,GBP
358,17.0,GBP
359,37.0,GBP
360,22.0,GBP
361,0.0,-
362,10.0,GBP
363,19.0,GBP
364,13.0,GBP
365,0.0,-
366,18.0,GBP
368,24.0,GBP
370,14.0,GBP
371,30.0,GBP
372,0.0,-
374,24.0,GBP
375,30.0,GBP
376,8.0,GBP
378,18.0,GBP
380,26.0,GBP
381,13.0,GBP
382,11.0,GBP
383,11.0,GBP
384,35.0,GBP
386,0.0,-
388,16.0,GBP
389,22.0,GBP
390,0.0,-
391,23.0,GBP
393,0.0,-
394,22.0,GBP
395,23.0,GBP
396,0.0,-
397,14.0,GBP
398,0.0,-
400,0.0,-
402,13.0,GBP
403,17.0,GBP
404,20.0,GBP
406,11.0,GBP
407,20.0,GBP
409,0.0,-
410,0.0,-
412,18.0,GBP
414,12.0,GBP
415,18.0,GBP
416,0.0,-
417,29.0,GBP
419,22.0,GBP
420,44.0,GBP
421,0.0,-
422,0.0,-
424,10.0,GBP
425,18.0,GBP
426,15.0,GBP
427,30.0,GBP
428,5.0,GBP
429,10.0,GBP
430,10.0,GBP
433,30.0,GBP
434,108.0,GBP
435,113.75999999999999,GBP
436,112.32,GBP
437,132.48,GBP
438,86.39999999999999,GBP
439,0.0,-
440,92.16,GBP
441,82.07999999999998,GBP
442,93.6,GBP
443,108.0,GBP
444,52.0,GBP
445,83.52,GBP
446,83.52,GBP
447,95.04,GBP
448,92.16,GBP
449,100.8,GBP
450,113.75999999999999,GBP
451,92.16,GBP
452,105.11999999999999,GBP
453,90.71999999999998,GBP
454,72.0,GBP
455,77.75999999999999,GBP
456,79.2,GBP
457,76.32,GBP
458,79.2,GBP
459,82.07999999999998,GBP
460,80.64,GBP
461,87.84,GBP
462,69.11999999999999,GBP
463,84.96,GBP
464,80.64,GBP
465,99.36,GBP
466,92.16,GBP
467,80.64,GBP
468,74.88,GBP
469,0.0,-
470,96.47999999999999,GBP
471,82.07999999999998,GBP
472,79.2,GBP
473,72.0,GBP
474,73.44,GBP
475,90.71999999999998,GBP
476,90.71999999999998,GBP
477,80.64,GBP
478,80.64,GBP
479,74.88,GBP
480,63.35999999999999,GBP
481,84.96,GBP
482,74.88,GBP
483,83.52,GBP
484,77.75999999999999,GBP
485,70.55999999999999,GBP
486,74.88,GBP
487,73.44,GBP
488,72.0,GBP
489,74.88,GBP
490,61.92,GBP
491,61.92,GBP
492,79.2,GBP
493,90.71999999999998,GBP
494,90.71999999999998,GBP
495,70.55999999999999,GBP
496,54.72,GBP
497,64.8,GBP
498,53.279999999999994,GBP
499,60.48,GBP
500,69.11999999999999,GBP
501,64.8,GBP
502,0.0,-
503,64.8,GBP
504,70.55999999999999,GBP
505,0.0,-
506,73.44,GBP
507,56.16,GBP
508,56.16,GBP
509,57.599999999999994,GBP
510,60.48,GBP
511,90.71999999999998,GBP
512,63.35999999999999,GBP
513,50.4,GBP
514,56.16,GBP
515,61.92,GBP
516,74.88,GBP
517,61.92,GBP
518,56.16,GBP
519,69.11999999999999,GBP
520,63.35999999999999,GBP
521,79.2,GBP
522,56.16,GBP
523,47.52,GBP
524,74.88,GBP
525,43.199999999999996,GBP
526,56.16,GBP
527,57.599999999999994,GBP
528,40.32,GBP
529,51.839999999999996,GBP
530,56.16,GBP
531,50.4,GBP
532,46.08,GBP
533,47.52,GBP
534,0.0,-
535,38.879999999999995,GBP
536,50.4,GBP
537,23.04,GBP
538,14.399999999999999,GBP
539,50.4,GBP
540,46.08,GBP
541,66.24,GBP
542,31.679999999999996,GBP
543,46.08,GBP
544,44.63999999999999,GBP
545,25.919999999999998,GBP
546,21.599999999999998,GBP
547,0.0,-
548,0.0,-
549,54.72,GBP
550,30.24,GBP
551,17.279999999999998,GBP
552,14.399999999999999,GBP
553,0.0,-
554,31.679999999999996,GBP
555,61.92,GBP
556,15.839999999999998,GBP
557,43.199999999999996,GBP
558,47.52,GBP
559,41.76,GBP
560,54.72,GBP
561,50.4,GBP
562,34.559999999999995,GBP
563,34.559999999999995,GBP
564,21.599999999999998,GBP
565,21.599999999999998,GBP
566,36.0,GBP
567,50.4,GBP
568,38.879999999999995,GBP
569,0.0,-
570,11.52,GBP
571,25.919999999999998,GBP
572,48.959999999999994,GBP
573,11.52,GBP
574,38.879999999999995,GBP
575,63.35999999999999,GBP
576,20.16,GBP
577,70.55999999999999,GBP
578,47.52,GBP
579,54.72,GBP
580,46.08,GBP
581,0.0,-
582,50.4,GBP
583,60.48,GBP
584,41.76,GBP
585,28.799999999999997,GBP
586,25.919999999999998,GBP
587,0.0,-
588,23.04,GBP
589,34.559999999999995,GBP
590,0.0,-
591,84.96,GBP
592,51.839999999999996,GBP
593,36.0,GBP
594,28.799999999999997,GBP
595,7.199999999999999,GBP
596,0.0,-
597,31.679999999999996,GBP
598,56.16,GBP
599,43.199999999999996,GBP
600,0.0,-
601,48.959999999999994,GBP
602,0.0,-
603,36.0,GBP
604,7.199999999999999,GBP
605,0.0,-
606,50.4,GBP
607,0.0,-
608,28.799999999999997,GBP
609,28.799999999999997,GBP
610,64.8,GBP
611,40.32,GBP
612,36.0,GBP
613,40.32,GBP
614,90.71999999999998,GBP
615,36.0,GBP
616,36.0,GBP
617,36.0,GBP
618,46.08,GBP
619,14.399999999999999,GBP
620,28.799999999999997,GBP
621,21.599999999999998,GBP
622,27.36,GBP
623,47.52,GBP
624,60.48,GBP
625,46.08,GBP
626,46.08,GBP
627,4.319999999999999,GBP
628,28.799999999999997,GBP
629,36.0,GBP
630,0.0,-
631,40.32,GBP
632,0.0,-
633,21.599999999999998,GBP
634,0.0,-
635,0.0,-
636,34.559999999999995,GBP
637,38.879999999999995,GBP
638,43.199999999999996,GBP
639,17.279999999999998,GBP
640,0.0,-
641,90.71999999999998,GBP
642,38.879999999999995,GBP
643,0.0,-
644,0.0,-
645,40.32,GBP
646,0.0,-
647,30.24,GBP
648,25.919999999999998,GBP
649,7.199999999999999,GBP
650,0.0,-
651,46.08,GBP
652,20.16,GBP
653,34.559999999999995,GBP
654,41.76,GBP
655,7.199999999999999,GBP
656,46.08,GBP
657,14.399999999999999,GBP
658,43.199999999999996,GBP
659,23.04,GBP
660,38.879999999999995,GBP
661,21.599999999999998,GBP
662,30.24,GBP
663,0.0,-
664,57.599999999999994,GBP
665,54.72,GBP
666,23.04,GBP
667,25.919999999999998,GBP
668,31.679999999999996,GBP
669,46.08,GBP
670,14.399999999999999,GBP
671,31.679999999999996,GBP
672,0.0,-
673,40.32,GBP
674,57.599999999999994,GBP
675,23.04,GBP
676,21.599999999999998,GBP
677,28.799999999999997,GBP
678,0.0,-
679,0.0,-
680,40.32,GBP
681,31.679999999999996,GBP
682,41.76,GBP
683,36.0,GBP
684,31.679999999999996,GBP
685,0.0,-
686,37.44,GBP
687,46.08,GBP
688,34.559999999999995,GBP
689,23.04,GBP
690,66.24,GBP
691,0.0,-
692,30.24,GBP
693,11.52,GBP
694,20.16,GBP
695,37.44,GBP
696,41.76,GBP
697,31.679999999999996,GBP
698,0.0,-
699,90.71999999999998,GBP
700,0.0,-
701,0.0,-
702,72.0,GBP
703,48.959999999999994,GBP
704,50.4,GBP
705,21.599999999999998,GBP
706,44.63999999999999,GBP
707,57.599999999999994,GBP
708,0.0,-
709,57.599999999999994,GBP
710,0.0,-
711,51.839999999999996,GBP
712,14.399999999999999,GBP
713,21.599999999999998,GBP
714,64.8,GBP
715,0.0,-
716,0.0,-
717,50.4,GBP
718,25.919999999999998,GBP
719,11.52,GBP
720,50.4,GBP
721,43.199999999999996,GBP
722,23.04,GBP
723,28.799999999999997,GBP
724,46.08,GBP
725,40.32,GBP
726,40.32,GBP
727,17.279999999999998,GBP
728,43.199999999999996,GBP
729,48.959999999999994,GBP
731,38.879999999999995,GBP
732,28.799999999999997,GBP
733,0.0,-
734,40.32,GBP
735,0.0,-
736,44.63999999999999,GBP
737,0.0,-
738,40.32,GBP
739,14.399999999999999,GBP
740,14.399999999999999,GBP
741,50.4,GBP
742,0.0,-
743,43.199999999999996,GBP
744,0.0,-
745,47.52,GBP
746,20.16,GBP
747,0.0,-
748,14.399999999999999,GBP
749,41.76,GBP
750,0.0,-
751,36.0,GBP
752,36.0,GBP
753,48.959999999999994,GBP
754,38.879999999999995,GBP
755,0.0,-
756,43.199999999999996,GBP
757,56.16,GBP
758,34.559999999999995,GBP
759,0.0,-
760,0.0,-
761,31.679999999999996,GBP
762,0.0,-
763,21.599999999999998,GBP
764,50.4,GBP
765,51.839999999999996,GBP
766,7.199999999999999,GBP
767,54.0,GBP
768,52.0,GBP
769,55.0,GBP
770,48.0,GBP
772,53.0,GBP
773,54.0,GBP
774,43.0,GBP
775,54.0,GBP
776,41.0,GBP
778,46.0,GBP
779,43.0,GBP
781,49.0,GBP
782,50.0,GBP
783,48.0,GBP
784,41.0,GBP
785,50.0,GBP
786,45.0,GBP
787,46.0,GBP
788,39.0,GBP
789,48.0,GBP
790,46.0,GBP
791,43.0,GBP
792,54.0,GBP
793,48.0,GBP
794,38.0,GBP
796,48.0,GBP
797,39.0,GBP
798,38.0,GBP
799,50.0,GBP
800,41.0,GBP
801,45.0,GBP
802,38.0,GBP
803,41.0,GBP
804,35.0,GBP
806,37.0,GBP
807,41.0,GBP
808,41.0,GBP
809,41.0,GBP
810,34.0,GBP
811,36.0,GBP
812,39.0,GBP
813,34.0,GBP
814,42.0,GBP
815,36.0,GBP
816,41.0,GBP
817,40.0,GBP
818,35.0,GBP
819,47.0,GBP
820,31.0,GBP
821,0.0,-
822,33.0,GBP
823,35.0,GBP
824,35.0,GBP
825,35.0,GBP
826,28.0,GBP
827,30.0,GBP
828,40.0,GBP
829,29.0,GBP
830,23.0,GBP
832,24.0,GBP
834,33.0,GBP
835,27.0,GBP
836,0.0,-
837,54.0,GBP
838,30.0,GBP
839,29.0,GBP
840,27.0,GBP
841,44.0,GBP
842,51.0,GBP
843,22.0,GBP
844,35.0,GBP
845,30.0,GBP
846,27.0,GBP
847,22.0,GBP
848,35.0,GBP
849,21.0,GBP
850,27.0,GBP
851,36.0,GBP
852,30.0,GBP
853,34.0,GBP
854,0.0,-
855,30.0,GBP
856,31.0,GBP
857,19.0,GBP
858,19.0,GBP
859,28.0,GBP
860,28.0,GBP
861,36.0,GBP
862,28.0,GBP
863,26.0,GBP
864,33.0,GBP
865,30.0,GBP
866,25.0,GBP
867,20.0,GBP
868,30.0,GBP
870,22.0,GBP
871,29.0,GBP
872,15.0,GBP
873,15.0,GBP
874,20.0,GBP
875,10.0,GBP
876,14.0,GBP
877,25.0,GBP
878,20.0,GBP
879,10.0,GBP
880,0.0,-
881,50.0,GBP
882,0.0,-
883,0.0,-
884,9.0,GBP
885,0.0,-
886,0.0,-
887,25.0,GBP
888,0.0,-
889,0.0,-
890,15.0,GBP
891,27.0,GBP
892,0.0,-
893,20.0,GBP
894,18.0,GBP
895,26.0,GBP
896,20.0,GBP
897,15.0,GBP
898,20.0,GBP
899,18.0,GBP
900,20.0,GBP
901,0.0,-
902,13.0,GBP
903,28.0,GBP
904,25.0,GBP
905,19.0,GBP
906,0.0,-
907,25.0,GBP
908,0.0,-
909,10.0,GBP
910,23.0,GBP
911,15.0,GBP
912,0.0,-
913,23.0,GBP
914,0.0,-
915,26.0,GBP
916,28.0,GBP
917,0.0,-
918,0.0,-
919,0.0,-
920,20.0,GBP
921,22.0,GBP
922,30.0,GBP
923,30.0,GBP
924,0.0,-
925,20.0,GBP
926,13.0,GBP
927,20.0,GBP
928,0.0,-
929,18.0,GBP
930,41.0,GBP
931,0.0,-
932,20.0,GBP
933,15.0,GBP
934,41.0,GBP
935,0.0,-
936,18.0,GBP
937,0.0,-
938,18.0,GBP
939,12.0,GBP
940,0.0,-
941,25.0,GBP
942,0.0,-
943,0.0,-
944,0.0,-
945,23.0,GBP
946,0.0,-
947,23.0,GBP
948,23.0,GBP
949,0.0,-
950,0.0,-
951,15.0,GBP
952,21.0,GBP
953,0.0,-
954,0.0,-
955,35.0,GBP
956,16.0,GBP
957,18.0,GBP
958,25.0,GBP
959,22.0,GBP
960,48.0,GBP
961,25.0,GBP
962,0.0,-
963,0.0,-
964,22.0,GBP
965,0.0,-
966,0.0,-
967,0.0,-
968,20.0,GBP
969,10.0,GBP
970,28.0,GBP
971,0.0,-
972,0.0,-
973,0.0,-
974,0.0,-
975,24.0,GBP
976,0.0,-
977,16.0,GBP
978,0.0,-
979,0.0,-
980,0.0,-
981,0.0,-
982,25.0,GBP
983,35.0,GBP
984,50.0,GBP
985,15.0,GBP
986,16.0,GBP
987,23.0,GBP
988,15.0,GBP
989,31.0,GBP
990,0.0,-
991,14.0,GBP
992,19.0,GBP
993,0.0,-
994,36.0,GBP
995,25.0,GBP
996,25.0,GBP
998,18.0,GBP
999,23.0,GBP
1000,12.0,GBP
1001,16.0,GBP
1002,28.0,GBP
1003,26.0,GBP
1004,12.0,GBP
1005,25.0,GBP
1006,19.0,GBP
1007,20.0,GBP
1008,0.0,-
1009,22.0,GBP
1010,0.0,-
1011,0.0,-
1012,31.0,GBP
1013,25.0,GBP
1014,0.0,-
1015,20.0,GBP
1016,22.0,GBP
1017,22.0,GBP
1018,32.0,GBP
1019,27.0,GBP
1020,17.0,GBP
1021,19.0,GBP
1022,37.0,GBP
1023,24.0,GBP
1025,22.0,GBP
1026,28.0,GBP
1027,10.0,GBP
1029,0.0,-
1030,28.0,GBP
1031,28.0,GBP
1032,20.0,GBP
1033,20.0,GBP
1034,18.0,GBP
1035,15.0,GBP
1036,10.0,GBP
1037,15.0,GBP
1038,21.0,GBP
1039,10.0,GBP
1040,17.0,GBP
1041,0.0,-
1042,16.0,GBP
1043,23.0,GBP
1044,23.0,GBP
1045,21.0,GBP
1046,0.0,-
1047,0.0,-
1048,0.0,-
1049,0.0,-
1050,14.0,GBP
1051,0.0,-
1052,27.0,GBP
1053,0.0,-
1054,19.0,GBP
1055,0.0,-
1056,0.0,-
1057,25.0,GBP
1058,61.0,GBP
1059,57.0,GBP
1061,52.0,GBP
1062,50.0,GBP
1063,42.0,GBP
1066,52.0,GBP
1067,47.0,GBP
1069,39.0,GBP
1078,36.0,GBP
1081,39.0,GBP
1085,43.0,GBP
1087,34.0,GBP
1092,30.0,GBP
1094,35.0,GBP
1098,37.0,GBP
1099,30.0,GBP
1102,34.0,GBP
1103,28.0,GBP
1104,29.0,GBP
1106,28.0,GBP
1107,31.0,GBP
1108,28.0,GBP
1109,32.0,GBP
1111,39.0,GBP
1112,22.0,GBP
1113,21.0,GBP
1115,37.0,GBP
1116,28.0,GBP
1118,28.0,GBP
1127,22.0,GBP
1129,27.0,GBP
1130,28.0,GBP
1134,19.0,GBP
1135,17.0,GBP
1139,28.0,GBP
1140,35.0,GBP
1142,24.0,GBP
1147,21.0,GBP
1148,0.0,-
1152,25.0,GBP
1153,18.0,GBP
1155,32.0,GBP
1156,17.0,GBP
1157,21.0,GBP
1159,16.0,GBP
1160,23.0,GBP
1162,19.0,GBP
1163,19.0,GBP
1165,16.0,GBP
1166,70.0,GBP
1167,60.0,GBP
1169,0.0,-
1171,19.0,GBP
1172,18.0,GBP
1173,13.0,GBP
1174,14.0,GBP
1175,16.0,GBP
1177,16.0,GBP
1179,19.0,GBP
1180,23.0,GBP
1183,15.0,GBP
1184,14.0,GBP
1185,14.0,GBP
1186,13.0,GBP
1187,12.0,GBP
1188,7.0,GBP
1189,12.0,GBP
1190,0.0,-
1191,18.0,GBP
1192,29.0,GBP
1195,12.0,GBP
1196,29.0,GBP
1197,44.63999999999999,GBP
1198,12.0,GBP
1199,17.0,GBP
1200,20.0,GBP
1201,18.0,GBP
1202,0.0,-
1204,24.0,GBP
1205,20.0,GBP
1206,0.0,-
1207,0.0,-
1208,20.0,GBP
1209,17.0,GBP
1210,16.0,GBP
1211,16.0,GBP
1212,12.0,GBP
1213,12.0,GBP
1214,14.0,GBP
1215,19.0,GBP
1216,0.0,-
1217,49.0,GBP
1219,15.0,GBP
1220,13.0,GBP
1221,15.0,GBP
1222,21.0,GBP
1223,18.0,GBP
1226,19.0,GBP
1227,15.0,GBP
1229,15.0,GBP
1231,0.0,-
1233,7.0,GBP
1234,12.0,GBP
1235,11.0,GBP
1236,16.0,GBP
1237,10.0,GBP
1238,0.0,-
1239,13.0,GBP
1240,17.0,GBP
1242,15.0,GBP
1243,11.0,GBP
1244,11.0,GBP
1245,19.0,GBP
1246,13.0,GBP
1247,14.0,GBP
1248,17.0,GBP
1249,11.0,GBP
1250,15.0,GBP
1252,15.0,GBP
1253,15.0,GBP
1258,0.0,-
1259,6.0,GBP
1260,16.0,GBP
1261,30.0,GBP
1262,5.0,GBP
1265,0.0,-
1266,28.0,GBP
1267,15.0,GBP
1268,14.0,GBP
1269,17.0,GBP
1270,12.0,GBP
1271,10.0,GBP
1272,9.0,GBP
1273,18.0,GBP
1274,0.0,-
1275,0.0,-
1276,12.0,GBP
1278,18.0,GBP
1279,0.0,-
1280,19.0,GBP
1281,15.0,GBP
1282,11.0,GBP
1283,35.0,GBP
1284,23.0,GBP
1285,27.0,GBP
1286,20.0,GBP
1287,26.0,GBP
1290,0.0,-
1291,11.0,GBP
1293,14.0,GBP
1294,21.0,GBP
1296,0.0,-
1297,19.0,GBP
1300,11.0,GBP
1301,12.0,GBP
1302,20.0,GBP
1303,10.0,GBP
1304,15.0,GBP
1305,11.0,GBP
1306,15.0,GBP
1307,23.0,GBP
1308,10.0,GBP
1309,49.0,GBP
1310,38.0,GBP
1314,44.0,GBP
1315,44.0,GBP
1316,38.0,GBP
1317,10.0,GBP
1318,0.0,-
1319,26.0,GBP
1320,33.0,GBP
1321,24.0,GBP
1322,35.0,GBP
1323,27.0,GBP
1324,25.0,GBP
1325,20.0,GBP
1326,40.0,GBP
1327,30.0,GBP
1328,38.0,GBP
1329,25.0,GBP
1330,34.0,GBP
1331,25.0,GBP
1332,0.0,-
1333,25.0,GBP
1334,8.0,GBP
1335,28.0,GBP
1336,20.0,GBP
1337,35.0,GBP
1338,28.0,GBP
1339,24.0,GBP
1340,0.0,-
1341,22.0,GBP
1342,15.0,GBP
1343,38.0,GBP
1344,25.0,GBP
1346,38.0,GBP
1347,27.0,GBP
1348,26.0,GBP
1349,25.0,GBP
1350,35.0,GBP
1351,26.0,GBP
1352,0.0,-
1353,0.0,-
1354,34.0,GBP
1355,35.0,GBP
1356,24.0,GBP
1357,0.0,-
1358,22.0,GBP
1359,23.0,GBP
1360,0.0,-
1361,32.0,GBP
1362,0.0,-
1363,0.0,-
1364,0.0,-
1365,39.0,GBP
1366,15.0,GBP
1367,0.0,-
1368,0.0,-
1369,39.0,GBP
1370,41.0,GBP
1371,18.0,GBP
1372,39.0,GBP
1373,0.0,-
1374,25.0,GBP
1375,29.0,GBP
1376,32.0,GBP
1377,19.0,GBP
1378,35.0,GBP
1379,28.0,GBP
1380,27.0,GBP
1381,39.0,GBP
1382,23.0,GBP
1383,30.0,GBP
1384,0.0,-
1385,0.0,-
1386,37.0,GBP
1387,34.0,GBP
1388,25.0,GBP
1389,0.0,-
1390,0.0,-
1391,34.0,GBP
1392,39.0,GBP
1393,0.0,-
1394,46.0,GBP
1396,43.0,GBP
1397,45.0,GBP
1398,48.0,GBP
1399,39.0,GBP
1400,33.0,GBP
1401,39.0,GBP
1402,32.0,GBP
1403,41.0,GBP
1404,41.0,GBP
1405,28.0,GBP
1406,32.0,GBP
1407,35.0,GBP
1408,29.0,GBP
1409,30.0,GBP
1410,37.0,GBP
1411,30.0,GBP
1412,32.0,GBP
1413,29.0,GBP
1414,12.0,GBP
1415,26.0,GBP
1416,35.0,GBP
1417,22.0,GBP
1418,17.0,GBP
1419,36.0,GBP
1420,22.0,GBP
1421,20.0,GBP
1422,0.0,-
1423,0.0,-
1424,0.0,-
1425,0.0,-
1426,30.0,GBP
1427,35.0,GBP
1428,30.0,GBP
1429,25.0,GBP
1430,14.5,GBP
1431,13.75,GBP
1432,13.75,GBP
1433,8.75,GBP
1434,13.75,GBP
1435,0.0,-
1436,0.0,-
1437,7.5,GBP
1438,0.0,-
1439,0.0,-
1440,0.0,-
1441,0.0,-
1442,0.0,-
1443,0.0,-
1444,0.0,-
1445,0.0,-
1446,0.0,-
1447,0.0,-
1448,0.0,-
1449,0.0,-
1450,0.355,GBP
1451,0.20500000000000002,GBP
1452,0.355,GBP
1453,0.0,-
1454,0.0,-
1455,0.0,-
1456,0.13,GBP
1457,0.0,-
1458,0.0,-
1459,0.0,-
1460,0.0,-
1461,0.0,-
1462,0.0,-
1463,0.0,-
1464,0.0,-
1465,0.0,-
1466,0.0,-
1467,0.0,-
1468,0.0,-
1469,0.0,-
1470,0.0,-
1471,0.0,-
1472,0.0,-
1473,0.0,-
1474,0.0,-
1475,5.6265,GBP
1476,5.202999999999999,GBP
1477,5.202999999999999,GBP
1478,5.324,GBP
1479,5.082000000000001,GBP
1480,4.961,GBP
1481,5.202999999999999,GBP
1482,4.235,GBP
1483,4.9005,GBP
1484,5.202999999999999,GBP
1485,4.477,GBP
1486,5.0215,GBP
1487,4.961,GBP
1488,4.84,GBP
1489,4.7795000000000005,GBP
1490,5.0215,GBP
1491,4.7795000000000005,GBP
1492,4.7795000000000005,GBP
1493,4.84,GBP
1494,4.9005,GBP
1495,4.598,GBP
1496,4.598,GBP
1497,4.719,GBP
1498,4.235,GBP
1499,4.477,GBP
1500,4.235,GBP
1501,3.1460000000000004,GBP
1502,3.63,GBP
1503,4.2955,GBP
1504,0.363,GBP
1505,3.025,GBP
1506,4.356,GBP
1507,3.63,GBP
1508,4.477,GBP
1509,3.509,GBP
1510,3.8720000000000003,GBP
1511,4.235,GBP
1512,4.477,GBP
1513,4.235,GBP
1514,4.114,GBP
1515,4.719,GBP
1516,4.477,GBP
1517,3.025,GBP
1518,2.783,GBP
1519,4.719,GBP
1520,3.993,GBP
1521,3.993,GBP
1522,4.9005,GBP
1523,4.961,GBP
1524,0.0,-
1525,3.7510000000000003,GBP
1526,4.719,GBP
1527,4.477,GBP
1528,4.356,GBP
1529,4.7795000000000005,GBP
1530,4.356,GBP
1531,4.235,GBP
1532,4.356,GBP
1533,3.7510000000000003,GBP
1534,2.42,GBP
1535,3.8720000000000003,GBP
1536,3.388,GBP
1537,3.509,GBP
1538,2.42,GBP
1539,4.84,GBP
1540,4.477,GBP
1541,4.7795000000000005,GBP
1542,4.114,GBP
1543,0.0,-
1544,4.477,GBP
1545,4.114,GBP
1546,1.815,GBP
1547,0.0,-
1548,0.0,-
1549,3.63,GBP
1550,4.477,GBP
1551,2.42,GBP
1552,3.8720000000000003,GBP
1553,4.356,GBP
1554,3.8720000000000003,GBP
1555,4.719,GBP
1556,4.7795000000000005,GBP
1557,3.993,GBP
1558,4.6585,GBP
1559,4.114,GBP
1560,4.961,GBP
1561,4.235,GBP
1562,3.025,GBP
1563,3.63,GBP
1564,4.356,GBP
1565,4.356,GBP
1566,4.0535000000000005,GBP
1567,3.5695,GBP
1568,3.8720000000000003,GBP
1569,4.114,GBP
1570,4.235,GBP
1571,4.5375,GBP
1572,4.477,GBP
1573,4.356,GBP
1574,0.0,-
1575,3.993,GBP
1576,3.8720000000000003,GBP
1577,4.114,GBP
1578,4.598,GBP
1579,4.235,GBP
1580,4.114,GBP
1581,3.63,GBP
1582,0.0,-
1583,0.0,-
1584,2.783,GBP
1585,4.7795000000000005,GBP
1586,4.356,GBP
1587,6.696,GBP
1588,5.903999999999999,GBP
1589,5.903999999999999,GBP
1590,5.76,GBP
1591,4.608,GBP
1592,5.76,GBP
1593,5.76,GBP
1594,5.3999999999999995,GBP
1595,5.903999999999999,GBP
1596,5.3999999999999995,GBP
1597,5.616,GBP
1598,5.327999999999999,GBP
1599,4.968,GBP
1600,5.544,GBP
1601,5.616,GBP
1602,5.544,GBP
1603,5.903999999999999,GBP
1604,5.616,GBP
1605,5.76,GBP
1606,6.192,GBP
1607,5.616,GBP
1608,4.608,GBP
1609,3.1679999999999997,GBP
1610,1.44,GBP
1611,0.0,-
1612,2.016,GBP
1613,3.024,GBP
1614,2.304,GBP
1615,0.0,-
1616,1.7279999999999998,GBP
1617,0.0,-
1618,0.0,-
1619,0.0,-
1620,0.0,-
1621,2.16,GBP
1622,1.44,GBP
1623,4.896,GBP
1624,2.16,GBP
1625,1.44,GBP
1626,4.896,GBP
1627,0.0,-
1628,4.896,GBP
1629,2.88,GBP
1630,5.327999999999999,GBP
1631,4.032,GBP
1632,0.0,-
1633,3.7439999999999998,GBP
1634,4.68,GBP
1635,1.44,GBP
1636,4.896,GBP
1637,4.32,GBP
1638,3.384,GBP
1639,2.88,GBP
1640,1.7279999999999998,GBP
1641,0.0,-
1642,3.2399999999999998,GBP
1643,4.968,GBP
1644,4.896,GBP
1645,4.823999999999999,GBP
1646,0.0,-
1647,5.183999999999999,GBP
1648,5.183999999999999,GBP
1649,4.608,GBP
1650,0.0,-
1651,3.888,GBP
1652,2.304,GBP
1653,0.0,-
1654,5.255999999999999,GBP
1655,4.608,GBP
1656,2.7359999999999998,GBP
1657,5.183999999999999,GBP
1658,2.304,GBP
1659,2.304,GBP
1660,0.0,-
1661,1.512,GBP
1662,3.384,GBP
1663,0.0,-
1664,4.32,GBP
1665,5.04,GBP
1666,4.608,GBP
1667,2.16,GBP
1668,2.016,GBP
1669,5.112,GBP
1670,2.16,GBP
1671,0.0,-
1672,3.888,GBP
1673,1.7279999999999998,GBP
1674,0.0,-
1675,1.44,GBP
1676,4.896,GBP
1677,0.576,GBP
1678,2.304,GBP
1679,3.4559999999999995,GBP
1680,0.0,-
1681,3.4559999999999995,GBP
1682,4.4639999999999995,GBP
1683,4.175999999999999,GBP
1684,2.16,GBP
1685,2.16,GBP
1686,4.608,GBP
1687,4.608,GBP
1688,0.0,-
1689,0.0,-
1690,4.4639999999999995,GBP
1691,0.0,-
1692,4.175999999999999,GBP
1693,4.752,GBP
1694,4.608,GBP
1695,3.024,GBP
1696,3.312,GBP
1697,2.7359999999999998,GBP
1698,0.72,GBP
1699,3.888,GBP
1700,4.968,GBP
1701,0.0,-
1702,0.72,GBP
1703,0.0,-
1704,0.0,-
1705,43.0,GBP
1706,39.0,GBP
1707,28.0,GBP
1708,34.0,GBP
1709,30.0,GBP
1710,30.0,GBP
1711,29.0,GBP
1712,25.0,GBP
1714,16.0,GBP
1715,0.0,-
1716,16.0,GBP
1717,13.0,GBP
1718,12.0,GBP
1719,12.0,GBP
1720,14.0,GBP
1721,16.0,GBP
1722,0.0,-
1723,16.0,GBP
1724,0.0,-
1726,0.0,-
1727,0.0,-
1728,0.0,-
1729,20.0,GBP
1730,14.0,GBP
1731,16.0,GBP
1732,12.0,GBP
1733,18.0,GBP
1734,12.0,GBP
1735,10.0,GBP
1736,18.0,GBP
1737,35.0,GBP
1738,0.0,-
1739,19.0,GBP
1740,19.0,GBP
1741,18.0,GBP
1742,15.0,GBP
1743,15.0,GBP
1744,0.0,-
1745,18.0,GBP
1746,10.0,GBP
1747,10.0,GBP
1748,13.0,GBP
1749,0.0,-
1750,19.0,GBP
1751,23.0,GBP
1752,18.0,GBP
1753,0.0,-
1754,0.0,-
1755,0.0,-
1756,14.0,GBP
1757,27.0,GBP
1758,12.0,GBP
1759,18.0,GBP
1760,19.0,GBP
1761,12.0,GBP
1762,18.0,GBP
1763,17.0,GBP
1764,0.0,-
1765,15.0,GBP
1766,17.0,GBP
1767,15.0,GBP
1768,17.0,GBP
1769,30.0,GBP
1770,15.0,GBP
1771,13.0,GBP
1772,7.0,GBP
1773,14.0,GBP
1774,22.0,GBP
1776,14.0,GBP
1777,24.0,GBP
1778,12.0,GBP
1779,16.0,GBP
1780,22.0,GBP
1781,10.0,GBP
1782,8.0,GBP
1783,12.0,GBP
1784,0.0,-
1785,0.0,-
1786,12.0,GBP
1787,16.0,GBP
1788,15.0,GBP
1789,15.0,GBP
1790,0.0,-
1791,15.0,GBP
1792,0.0,-
1793,25.0,GBP
1794,19.0,GBP
1795,25.0,GBP
1796,16.0,GBP
1797,0.0,-
1798,23.0,GBP
1799,14.0,GBP
1800,14.0,GBP
1801,14.0,GBP
1802,12.0,GBP
1803,0.0,-
1804,18.0,GBP
1805,17.0,GBP
1806,18.0,GBP
1807,12.0,GBP
1808,22.0,GBP
1809,13.0,GBP
1810,10.0,GBP
1811,17.0,GBP
1812,20.0,GBP
1813,0.0,-
1814,0.0,-
1815,17.0,GBP
1816,16.0,GBP
1817,13.0,GBP
1818,16.0,GBP
1819,33.0,GBP
1820,0.0,-
1821,10.0,GBP
1823,20.0,GBP
1824,19.0,GBP
1825,15.0,GBP
1826,10.0,GBP
1827,14.0,GBP
1828,12.0,GBP
1829,8.0,GBP
1830,13.0,GBP
1840,43.0,GBP
1841,33.0,GBP
1842,38.0,GBP
1843,47.0,GBP
1845,38.0,GBP
1846,38.0,GBP
1847,38.0,GBP
1848,36.0,GBP
1849,30.0,GBP
1850,35.0,GBP
1851,36.0,GBP
1853,26.0,GBP
1854,26.0,GBP
1855,39.0,GBP
1856,23.0,GBP
1857,31.0,GBP
1858,35.0,GBP
1859,25.0,GBP
1860,37.0,GBP
1861,24.0,GBP
1863,29.0,GBP
1864,28.0,GBP
1865,22.0,GBP
1866,24.0,GBP
1867,45.0,GBP
1868,27.0,GBP
1869,25.0,GBP
1870,22.0,GBP
1871,36.0,GBP
1872,32.0,GBP
1873,18.0,GBP
1874,29.0,GBP
1875,30.0,GBP
1876,25.0,GBP
1877,24.0,GBP
1878,20.0,GBP
1879,35.0,GBP
1880,10.0,GBP
1881,20.0,GBP
1882,19.0,GBP
1883,7.0,GBP
1884,19.0,GBP
1885,32.0,GBP
1886,20.0,GBP
1887,0.0,-
1888,20.0,GBP
1889,14.0,GBP
1890,18.0,GBP
1891,18.0,GBP
1893,25.0,GBP
1894,20.0,GBP
1895,20.0,GBP
1896,14.0,GBP
1897,13.0,GBP
1898,0.0,-
1900,10.0,GBP
1901,17.0,GBP
1902,52.0,GBP
1903,14.0,GBP
1904,18.0,GBP
1905,18.0,GBP
1906,11.0,GBP
1907,13.0,GBP
1908,17.0,GBP
1909,12.0,GBP
1910,20.0,GBP
1911,18.0,GBP
1912,16.0,GBP
1913,18.0,GBP
1914,0.0,-
1915,12.0,GBP
1916,12.0,GBP
1918,12.0,GBP
1919,20.0,GBP
1920,0.0,-
1921,20.0,GBP
1922,12.0,GBP
1923,19.0,GBP
1924,13.0,GBP
1925,12.0,GBP
1926,0.0,-
1927,0.0,-
1928,0.0,-
1929,9.0,GBP
1930,0.0,-
1931,0.0,-
1932,0.0,-
1933,0.0,-
1934,0.0,-
1935,22.0,GBP
1936,0.0,-
1937,7.0,GBP
1938,12.0,GBP
1939,0.0,-
1940,0.0,-
1941,8.0,GBP
1942,13.0,GBP
1943,0.0,-
1944,18.0,GBP
1945,10.0,GBP
1946,0.0,-
1947,0.0,-
1948,0.0,-
1949,0.0,-
1950,0.0,-
1952,0.0,-
1953,0.0,-
1954,9.0,GBP
1955,9.0,GBP
1956,14.0,GBP
1957,17.0,GBP
1958,0.0,-
1959,0.0,-
1960,0.0,-
1961,15.0,GBP
1962,0.0,-
1963,0.0,-
1964,0.0,-
1965,0.0,-
1966,0.0,-
1967,19.0,GBP
1968,16.0,GBP
1969,16.0,GBP
1970,16.0,GBP
1971,0.0,-
1972,0.0,-
1973,17.0,GBP
1974,0.0,-
1975,10.0,GBP
1976,3.0,GBP
1977,0.0,-
1978,0.0,-
1979,0.0,-
1981,0.0,-
1982,17.0,GBP
1983,0.0,-
1984,0.0,-
1985,0.0,-
1986,0.0,-
1987,22.0,GBP
1989,0.0,-
1990,0.0,-
1991,13.0,GBP
1992,0.0,-
1993,0.0,-
1994,7.0,GBP
1995,14.0,GBP
1996,29.0,GBP
1997,19.0,GBP
1999,0.0,-
2000,13.0,GBP
2001,13.0,GBP
2002,9.0,GBP
2003,16.0,GBP
2005,0.0,-
2007,10.0,GBP
2008,0.0,-
2009,0.0,-
2010,0.0,-
2011,17.0,GBP
2012,0.0,-
2013,20.0,GBP
2014,0.0,-
2015,0.0,-
2016,0.0,-
2017,0.0,-
2018,0.0,-
2019,0.0,-
2021,0.0,-
2022,0.0,-
2023,0.0,-
2024,0.0,-
2025,0.0,-
2026,18.0,GBP
2027,0.0,-
2028,0.0,-
2029,0.0,-
2030,0.0,-
2031,0.0,-
2032,0.0,-
2033,19.0,GBP
2034,6.0,GBP
2035,0.0,-
2036,0.0,-
2037,0.0,-
2038,5.0,GBP
2039,16.0,GBP
2040,0.0,-
2042,0.0,-
2043,0.0,-
2044,8.0,GBP
2045,13.0,GBP
2046,0.0,-
2047,0.0,-
2048,0.0,-
2049,10.0,GBP
2050,0.0,-
2051,0.0,-
2052,10.0,GBP
2053,20.0,GBP
2054,9.0,GBP
2055,0.0,-
2056,0.0,-
2057,0.0,-
2058,0.0,-
2059,0.0,-
2060,18.0,GBP
2061,0.0,-
2062,0.0,-
2063,15.0,GBP
2064,0.0,-
2065,12.0,GBP
2066,0.0,-
2067,4.0,GBP
2069,0.0,-
2070,12.0,GBP
2071,18.0,GBP
2072,0.0,-
2073,15.0,GBP
2074,0.0,-
2075,17.0,GBP
2076,12.0,GBP
2077,0.0,-
2078,0.0,-
2079,0.0,-
2080,0.0,-
2081,0.0,-
2082,0.0,-
2083,6.0,GBP
2084,0.0,-
2085,0.0,-
2086,5.0,GBP
2087,15.0,GBP
2088,9.0,GBP
2089,13.0,GBP
2090,14.0,GBP
2091,9.0,GBP
2092,13.0,GBP
2093,16.0,GBP
2094,0.0,-
2095,11.0,GBP
2096,0.0,-
2097,0.0,-
2098,18.0,GBP
2099,0.0,-
2100,0.0,-
2101,13.0,GBP
2102,0.0,-
2103,0.0,-
2104,0.0,-
2105,0.0,-
2106,18.0,GBP
2107,0.0,-
2108,0.0,-
2109,31.0,GBP
2110,12.0,GBP
2111,0.0,-
2113,0.0,-
2114,0.0,-
2115,7.0,GBP
2116,10.0,GBP
2118,26.0,GBP
2119,0.0,-
2120,0.0,-
2121,0.0,-
2122,13.0,GBP
2123,26.0,GBP
2124,0.0,-
2125,0.0,-
2126,0.0,-
2127,0.0,-
2128,0.0,-
2129,0.0,-
2130,10.0,GBP
2131,0.0,-
2132,14.0,GBP
2133,9.0,GBP
2134,7.0,GBP
2135,15.0,GBP
2136,19.0,GBP
2137,25.0,GBP
2138,10.0,GBP
2140,0.0,-
2141,11.0,GBP
2142,0.0,-
2143,19.0,GBP
2144,7.0,GBP
2145,0.0,-
2147,4.0,GBP
2148,0.0,-
2149,8.0,GBP
2150,33.0,GBP
2152,0.0,-
2153,17.0,GBP
2154,15.0,GBP
2155,22.0,GBP
2156,6.0,GBP
2157,15.0,GBP
2158,9.0,GBP
2159,0.0,-
2160,15.0,GBP
2161,0.0,-
2162,22.0,GBP
2163,0.0,-
2164,0.0,-
2165,20.0,GBP
2166,0.0,-
2168,0.0,-
2169,0.0,-
2170,0.0,-
2171,17.0,GBP
2172,12.0,GBP
2173,0.0,-
2174,0.0,-
2176,20.0,GBP
2177,6.0,GBP
2178,0.0,-
2179,24.0,GBP
2180,22.0,GBP
2181,0.0,-
2183,0.0,-
2185,0.0,-
2186,0.0,-
2187,0.0,-
2188,0.0,-
2189,0.0,-
2190,0.0,-
2191,8.0,GBP
2192,30.0,GBP
2193,0.0,-
2194,10.0,GBP
2195,0.0,-
2196,0.0,-
2197,0.0,-
2198,0.0,-
2199,0.0,-
2200,0.0,-
2201,0.0,-
2202,0.0,-
2203,14.0,GBP
2204,15.0,GBP
2205,9.0,GBP
2206,18.0,GBP
2207,16.0,GBP
2208,0.0,-
2209,0.0,-
2210,0.0,-
2211,16.0,GBP
2212,0.0,-
2213,16.0,GBP
2214,14.0,GBP
2215,13.0,GBP
2216,0.0,-
2217,0.0,-
2218,0.0,-
2219,0.0,-
2220,12.0,GBP
2222,10.0,GBP
2223,0.0,-
2224,12.0,GBP
2225,0.0,-
2226,0.0,-
2227,10.0,GBP
2228,0.0,-
2229,16.0,GBP
2230,0.0,-
2231,10.0,GBP
2232,29.0,GBP
2233,0.0,-
2234,0.0,-
2235,0.0,-
2236,17.0,GBP
2237,0.0,-
2238,0.0,-
2239,15.0,GBP
2241,18.0,GBP
2242,6.0,GBP
2243,0.0,-
2244,0.0,-
2245,7.0,GBP
2246,0.0,-
2248,18.0,GBP
2249,0.0,-
2250,10.0,GBP
2252,0.0,-
2253,0.0,-
2254,0.0,-
2255,0.0,-
2256,0.0,-
2257,0.0,-
2258,0.0,-
2259,0.0,-
2260,0.0,-
2261,0.0,-
2262,15.0,GBP
2263,0.0,-
2264,15.0,GBP
2265,15.0,GBP
2266,0.0,-
2267,20.0,GBP
2268,12.0,GBP
2269,0.0,-
2270,0.0,-
2271,28.0,GBP
2272,12.0,GBP
2273,0.0,-
2274,0.0,-
2275,6.0,GBP
2276,24.0,GBP
2277,11.0,GBP
2278,22.0,GBP
2279,8.0,GBP
2280,0.0,-
2281,0.0,-
2282,0.0,-
2283,0.0,-
2284,0.0,-
2285,10.0,GBP
2286,0.0,-
2287,25.0,GBP
2288,29.0,GBP
2289,0.0,-
2290,0.0,-
2291,14.0,GBP
2292,0.0,-
2293,0.0,-
2294,0.0,-
2295,0.0,-
2296,13.0,GBP
2297,0.0,-
2298,29.0,GBP
2299,10.0,GBP
2300,0.0,-
2301,13.0,GBP
2302,14.0,GBP
2303,0.0,-
2304,14.0,GBP
2305,15.0,GBP
2306,0.0,-
2307,0.0,-
2308,0.0,-
2309,0.0,-
2310,19.0,GBP
2311,0.0,-
2312,0.0,-
2313,13.0,GBP
2314,0.0,-
2315,20.0,GBP
2316,14.0,GBP
2317,0.0,-
2318,19.0,GBP
2319,18.0,GBP
2321,16.0,GBP
2322,0.0,-
2324,10.0,GBP
2325,0.0,-
2326,9.0,GBP
2327,8.0,GBP
2330,14.0,GBP
2331,0.0,-
2332,10.0,GBP
2333,0.0,-
2335,0.0,-
2336,0.0,-
2337,0.0,-
2338,10.0,GBP
2339,0.0,-
2340,15.0,GBP
2341,0.0,-
2342,0.0,-
2343,17.0,GBP
2344,13.0,GBP
2345,9.0,GBP
2346,18.0,GBP
2347,20.0,GBP
2348,0.0,-
2349,10.0,GBP
2350,0.0,-
2351,0.0,-
2352,0.0,-
2353,0.0,-
2354,0.0,-
2355,0.0,-
2356,22.0,GBP
2357,18.0,GBP
2358,0.0,-
2359,0.0,-
2360,18.0,GBP
2361,0.0,-
2362,18.0,GBP
2363,12.0,GBP
2364,0.0,-
2365,20.0,GBP
2367,0.0,-
2368,11.0,GBP
2369,0.0,-
2370,0.0,-
2371,8.0,GBP
2372,11.0,GBP
2373,0.0,-
2374,0.0,-
2375,0.0,-
2376,20.0,GBP
2377,22.0,GBP
2378,0.0,-
2379,14.0,GBP
2380,15.0,GBP
2381,0.0,-
2382,13.0,GBP
2383,11.0,GBP
2384,0.0,-
2385,0.0,-
2386,0.0,-
2387,11.0,GBP
2388,0.0,-
2389,0.0,-
2390,8.0,GBP
2391,18.0,GBP
2392,23.0,GBP
2394,0.0,-
2395,0.0,-
2396,0.0,-
2397,0.0,-
2398,0.0,-
2399,0.0,-
2400,14.0,GBP
2401,0.0,-
2402,20.0,GBP
2403,15.0,GBP
2404,16.0,GBP
2405,13.0,GBP
2406,11.0,GBP
2407,18.0,GBP
2408,0.0,-
2409,22.0,GBP
2410,0.0,-
2411,19.0,GBP
2412,0.0,-
2413,0.0,-
2414,0.0,-
2415,0.0,-
2416,0.0,-
2417,0.0,-
2419,22.0,GBP
2420,6.0,GBP
2421,9.0,GBP
2422,0.0,-
2423,20.0,GBP
2424,26.0,GBP
2425,31.0,GBP
2426,0.0,-
2427,0.0,-
2428,0.0,-
2429,0.0,-
2430,0.0,-
2432,0.0,-
2433,22.0,GBP
2434,0.0,-
2435,20.0,GBP
2436,17.0,GBP
2437,17.0,GBP
2438,16.0,GBP
2439,11.0,GBP
2440,0.0,-
2441,0.0,-
2442,0.0,-
2443,0.0,-
2444,0.0,-
2445,32.0,GBP
2446,0.0,-
2447,21.0,GBP
2448,0.0,-
2449,14.0,GBP
2450,12.0,GBP
2451,0.0,-
2452,0.0,-
2453,0.0,-
2454,0.0,-
2455,25.0,GBP
2456,25.0,GBP
2457,0.0,-
2458,0.0,-
2459,0.0,-
2460,16.0,GBP
2461,9.0,GBP
2462,10.0,GBP
2463,3.0,GBP
2464,22.0,GBP
2465,0.0,-
2466,0.0,-
2467,16.0,GBP
2468,0.0,-
2469,24.0,GBP
2470,17.0,GBP
2471,26.0,GBP
2472,0.0,-
2473,0.0,-
2474,0.0,-
2475,0.0,-
2476,0.0,-
2477,18.0,GBP
2478,21.0,GBP
2479,12.0,GBP
2480,29.0,GBP
2481,0.0,-
2482,15.0,GBP
2483,0.0,-
2485,24.0,GBP
2486,19.0,GBP
2487,18.0,GBP
2488,18.0,GBP
2489,8.0,GBP
2490,16.0,GBP
2491,0.0,-
2492,8.0,GBP
2493,0.0,-
2494,0.0,-
2495,6.0,GBP
2496,0.0,-
2497,5.0,GBP
2498,0.0,-
2499,21.0,GBP
2500,0.0,-
2501,0.0,-
2502,27.0,GBP
2503,0.0,-
2504,0.0,-
2505,19.0,GBP
2506,18.0,GBP
2507,0.0,-
2508,0.0,-
2510,14.0,GBP
2511,0.0,-
2512,0.0,-
2513,0.0,-
2514,0.0,-
2515,0.0,-
2516,0.0,-
2517,16.0,GBP
2518,4.0,GBP
2519,15.0,GBP
2520,0.0,-
2521,0.0,-
2522,11.0,GBP
2523,0.0,-
2524,35.0,GBP
2525,11.0,GBP
2526,0.0,-
2527,0.0,-
2528,8.0,GBP
2529,15.0,GBP
2530,8.0,GBP
2531,19.0,GBP
2532,0.0,-
2534,7.0,GBP
2535,35.0,GBP
2536,14.0,GBP
2537,18.0,GBP
2538,15.0,GBP
2539,0.0,-
2540,34.0,GBP
2541,22.0,GBP
2542,0.0,-
2543,16.0,GBP
2544,0.0,-
2545,0.0,-
2546,12.0,GBP
2547,0.0,-
2548,0.0,-
2549,0.0,-
2550,10.0,GBP
2551,15.0,GBP
2552,18.0,GBP
2553,0.0,-
2554,0.0,-
2555,45.0,Bosnia convertible mark
2556,35.0,Bosnia convertible mark
2557,0.0,-
2558,20.0,Bosnia convertible mark
2559,20.0,Bosnia convertible mark
2560,12.0,Bosnia convertible mark
2561,0.0,-
2562,15.0,Bosnia convertible mark
2563,0.0,-
2564,0.0,-
2565,17.0,Bosnia convertible mark
2566,25.0,Bosnia convertible mark
2567,0.0,-
2568,18.0,Bosnia convertible mark
2569,30.0,Bosnia convertible mark
2570,27.0,Bosnia convertible mark
2571,890.0,Czech koruna
2572,750.0,Czech koruna
2573,750.0,Czech koruna
2574,650.0,Czech koruna
2575,650.0,Czech koruna
2576,850.0,Czech koruna
2577,620.0,Czech koruna
2578,300.0,Czech koruna
2579,290.0,Czech koruna
2580,450.0,Czech koruna
2581,360.0,Czech koruna
2582,300.0,Czech koruna
2583,360.0,Czech koruna
2584,350.0,Czech koruna
2585,430.0,Czech koruna
2586,180.0,Czech koruna
2587,0.0,-
2588,0.0,-
2589,400.0,Czech koruna
2590,350.0,Czech koruna
2591,470.0,Czech koruna
2592,480.0,Czech koruna
2593,0.0,-
2594,300.0,Czech koruna
2595,200.0,Czech koruna
2596,440.0,Czech koruna
2597,550.0,Czech koruna
2598,0.0,-
2599,440.0,Czech koruna
2600,350.0,Czech koruna
2601,290.0,Czech koruna
2602,450.0,Czech koruna
2603,600.0,Czech koruna
2604,260.0,Czech koruna
2605,50.0,Czech koruna
2606,250.0,Czech koruna
2607,280.0,Czech koruna
2608,390.0,Czech koruna
2609,220.0,Czech koruna
2610,750.0,Czech koruna
2611,250.0,Czech koruna
2612,690.0,Czech koruna
2613,150.0,Czech koruna
2614,550.0,Czech koruna
2615,340.0,Czech koruna
2616,0.0,-
2617,300.0,Czech koruna
2618,0.0,-
2619,310.0,Czech koruna
2620,0.0,-
2621,0.0,-
2622,350.0,Czech koruna
2623,250.0,Czech koruna
2624,0.0,-
2625,890.0,Czech koruna
2626,470.0,Czech koruna
2627,0.0,-
2628,270.0,Czech koruna
2629,370.0,Czech koruna
2630,0.0,-
2631,670.0,Czech koruna
2632,0.0,-
2633,320.0,Czech koruna
2634,0.0,-
2635,500.0,Czech koruna
2636,300.0,Czech koruna
2637,0.0,-
2638,460.0,Czech koruna
2639,230.0,Czech koruna
2640,250.0,Czech koruna
2641,320.0,Czech koruna
2642,360.0,Czech koruna
2643,0.0,-
2644,300.0,Czech koruna
2645,590.0,Czech koruna
2646,330.0,Czech koruna
2647,400.0,Czech koruna
2648,0.0,-
2649,250.0,Czech koruna
2650,230.0,Czech koruna
2651,0.0,-
2652,320.0,Czech koruna
2653,0.0,-
2654,0.0,-
2655,0.0,-
2656,0.0,-
2657,0.0,-
2658,400.0,Czech koruna
2659,290.0,Czech koruna
2660,290.0,Czech koruna
2661,100.0,Czech koruna
2662,320.0,Czech koruna
2663,230.0,Czech koruna
2664,0.0,-
2665,220.0,Czech koruna
2666,390.0,Czech koruna
2667,350.0,Czech koruna
2668,460.0,Czech koruna
2669,490.0,Czech koruna
2670,0.0,-
2671,360.0,Czech koruna
2672,0.0,-
2673,590.0,Czech koruna
2674,230.0,Czech koruna
2675,350.0,Czech koruna
2676,0.0,-
2677,360.0,Czech koruna
2678,0.0,-
2679,400.0,Czech koruna
2680,260.0,Czech koruna
2681,330.0,Czech koruna
2682,0.0,-
2683,420.0,Czech koruna
2684,360.0,Czech koruna
2685,450.0,Czech koruna
2686,360.0,Czech koruna
2687,350.0,Czech koruna
2688,150.0,Czech koruna
2689,259.0,Czech koruna
2690,0.0,-
2691,500.0,Czech koruna
2692,0.0,-
2693,400.0,Czech koruna
2694,480.0,Czech koruna
2695,250.0,Czech koruna
2696,500.0,Czech koruna
2697,0.0,-
2698,0.0,-
2699,290.0,Czech koruna
2700,0.0,-
2701,280.0,Czech koruna
2702,220.0,Czech koruna
2703,440.0,Czech koruna
2704,0.0,-
2705,0.0,-
2706,360.0,Czech koruna
2707,420.0,Czech koruna
2708,320.0,Czech koruna
2709,350.0,Czech koruna
2710,0.0,-
2711,300.0,Czech koruna
2712,0.0,-
2713,300.0,Czech koruna
2714,250.0,Czech koruna
2715,0.0,-
2716,310.0,Czech koruna
2717,350.0,Czech koruna
2718,320.0,Czech koruna
2719,370.0,Czech koruna
2720,0.0,-
2721,0.0,-
2722,0.0,-
2723,390.0,Czech koruna
2724,590.0,Czech koruna
2725,430.0,Czech koruna
2726,370.0,Czech koruna
2727,170.0,Czech koruna
2728,0.0,-
2729,0.0,-
2730,0.0,-
2731,200.0,Czech koruna
2732,370.0,Czech koruna
2733,440.0,Czech koruna
2734,450.0,Czech koruna
2735,0.0,-
2736,320.0,Czech koruna
2737,595.0,Czech koruna
2738,0.0,-
2739,420.0,Czech koruna
2740,500.0,Czech koruna
2741,0.0,-
2742,0.0,-
2743,240.0,Czech koruna
2744,450.0,Czech koruna
2745,260.0,Czech koruna
2746,350.0,Czech koruna
2747,300.0,Czech koruna
2748,290.0,Czech koruna
2749,0.0,-
2750,260.0,Czech koruna
2751,0.0,-
2752,200.0,Czech koruna
2753,360.0,Czech koruna
2754,120.0,Czech koruna
2755,330.0,Czech koruna
2756,0.0,-
2757,350.0,Czech koruna
2758,250.0,Czech koruna
2759,360.0,Czech koruna
2760,300.0,Czech koruna
2761,250.0,Czech koruna
2762,0.0,-
2763,350.0,Czech koruna
2764,400.0,Czech koruna
2765,390.0,Czech koruna
2766,260.0,Czech koruna
2767,0.0,-
2768,450.0,Czech koruna
2769,780.0,Czech koruna
2770,0.0,-
2771,420.0,Czech koruna
2772,320.0,Czech koruna
2773,0.0,-
2774,310.0,Czech koruna
2775,0.0,-
2776,200.0,Czech koruna
2777,240.0,Czech koruna
2778,0.0,-
2779,200.0,Czech koruna
2780,500.0,Czech koruna
2781,500.0,Czech koruna
2782,370.0,Czech koruna
2783,480.0,Czech koruna
2784,450.0,Czech koruna
2785,0.0,-
2786,0.0,-
2787,440.0,Czech koruna
2788,270.0,Czech koruna
2789,300.0,Czech koruna
2790,300.0,Czech koruna
2791,360.0,Czech koruna
2792,550.0,Czech koruna
2793,440.0,Czech koruna
2794,430.0,Czech koruna
2795,440.0,Czech koruna
2796,370.0,Czech koruna
2797,0.0,-
2798,490.0,Czech koruna
2799,0.0,-
2800,200.0,Czech koruna
2801,180.0,Czech koruna
2802,300.0,Czech koruna
2803,280.0,Czech koruna
2804,260.0,Czech koruna
2805,400.0,Czech koruna
2806,0.0,-
2807,250.0,Czech koruna
2808,400.0,Czech koruna
2809,220.0,Czech koruna
2810,220.0,Czech koruna
2811,250.0,Czech koruna
2812,0.0,-
2813,0.0,-
2814,280.0,Czech koruna
2815,400.0,Czech koruna
2816,450.0,Czech koruna
2817,200.0,Czech koruna
2818,0.0,-
2819,350.0,Czech koruna
2820,290.0,Czech koruna
2821,250.0,Czech koruna
2822,390.0,Czech koruna
2823,250.0,Czech koruna
2824,630.0,Czech koruna
2825,300.0,Czech koruna
2826,280.0,Czech koruna
2827,420.0,Czech koruna
2828,0.0,-
2829,180.0,Czech koruna
2830,400.0,Czech koruna
2831,370.0,Czech koruna
2832,150.0,Czech koruna
2833,350.0,Czech koruna
2834,370.0,Czech koruna
2835,350.0,Czech koruna
2836,200.0,Czech koruna
2837,390.0,Czech koruna
2838,550.0,Czech koruna
2839,490.0,Czech koruna
2840,300.0,Czech koruna
2841,340.0,Czech koruna
2842,0.0,-
2843,330.0,Czech koruna
2844,370.0,Czech koruna
2845,0.0,-
2846,280.0,Czech koruna
2847,300.0,Czech koruna
2848,300.0,Czech koruna
2849,360.0,Czech koruna
2850,260.0,Czech koruna
2851,780.0,Czech koruna
2852,300.0,Czech koruna
2853,380.0,Czech koruna
2854,250.0,Czech koruna
2855,300.0,Czech koruna
2856,350.0,Czech koruna
2857,350.0,Czech koruna
2858,490.0,Czech koruna
2859,330.0,Czech koruna
2860,300.0,Czech koruna
2861,530.0,Czech koruna
2862,530.0,Czech koruna
2863,300.0,Czech koruna
2864,0.0,-
2865,310.0,Czech koruna
2866,380.0,Czech koruna
2867,0.0,-
2868,340.0,Czech koruna
2869,290.0,Czech koruna
2870,280.0,Czech koruna
2871,300.0,Czech koruna
2872,32.0,GBP
2873,33.0,GBP
2874,31.0,GBP
2875,35.0,GBP
2876,30.0,GBP
2877,27.0,GBP
2878,22.0,GBP
2880,0.0,-
2881,12.0,GBP
2882,16.0,GBP
2883,10.0,GBP
2884,0.0,-
2885,30.0,GBP
2886,0.0,-
2887,16.0,GBP
2888,0.0,-
2889,0.0,-
2890,29.0,GBP
2891,0.0,-
2892,0.0,-
2893,10.0,GBP
2894,9.0,GBP
2895,18.0,GBP
2896,0.0,-
2897,0.0,-
2898,0.0,-
2899,8.0,GBP
2901,13.0,GBP
2902,14.0,GBP
2903,0.0,-
2904,20.0,GBP
2905,20.0,GBP
2906,12.0,GBP
2907,33.0,GBP
2908,11.0,GBP
2909,12.0,GBP
2910,8.0,GBP
2911,11.0,GBP
2912,20.0,GBP
2913,18.0,GBP
2914,17.0,GBP
2915,15.0,GBP
2916,22.0,GBP
2917,0.0,-
2918,18.0,GBP
2920,0.0,-
2921,15.0,GBP
2922,0.0,-
2923,0.0,-
2924,0.0,-
2925,4.3659,GBP
2926,4.3659,GBP
2927,4.41,GBP
2928,5.733,GBP
2929,4.6305,GBP
2930,4.3659,GBP
2931,4.1895,GBP
2932,4.3659,GBP
2933,3.3074999999999997,GBP
2934,4.1895,GBP
2935,4.1895,GBP
2936,1.5434999999999999,GBP
2937,3.9689999999999994,GBP
2938,3.0869999999999997,GBP
2939,2.205,GBP
2940,0.0,-
2941,0.0,-
2942,0.0,-
2943,0.0,-
2944,0.0,-
2945,0.0,-
2946,0.0,-
2947,3.0869999999999997,GBP
2948,0.0,-
2949,0.0,-
2950,2.8665,GBP
2951,0.0,-
2952,0.0,-
2953,2.205,GBP
2954,0.0,-
2955,0.0,-
2956,0.0,-
2957,0.0,-
2958,0.0,-
2959,0.0,-
2960,0.0,-
2961,1.764,GBP
2962,0.0,-
2963,3.0869999999999997,GBP
2964,2.205,GBP
2965,3.9689999999999994,GBP
2966,3.3074999999999997,GBP
2967,4.3218,GBP
2968,0.0,-
2969,2.646,GBP
2970,3.528,GBP
2971,0.0,-
2972,0.0,-
2973,4.3659,GBP
2974,0.0,-
2975,0.0,-
2976,4.850999999999999,GBP
2977,1.323,GBP
2978,0.0,-
2979,3.528,GBP
2980,3.9689999999999994,GBP
2981,3.7484999999999995,GBP
2982,2.205,GBP
2983,0.0,-
2984,0.0,-
2985,0.0,-
2986,0.0,-
2987,0.0,-
2988,0.0,-
2989,3.528,GBP
2990,0.0,-
2991,3.4838999999999998,GBP
2992,0.0,-
2993,4.3659,GBP
2994,3.9689999999999994,GBP
2995,2.7342,GBP
2996,0.0,-
2997,3.528,GBP
2998,3.3074999999999997,GBP
2999,0.0,-
3000,0.0,-
3001,2.5578,GBP
3002,4.850999999999999,GBP
3003,0.0,-
3004,2.205,GBP
3005,3.3074999999999997,GBP
3006,0.0,-
3007,2.646,GBP
3008,3.528,GBP
3009,3.7484999999999995,GBP
3010,2.646,GBP
3011,2.646,GBP
3012,0.0,-
3013,0.0,-
3014,3.528,GBP
3015,0.0,-
3016,1.5434999999999999,GBP
3017,2.4254999999999995,GBP
3018,0.0,-
3019,0.0,-
3020,0.0,-
3021,3.528,GBP
3022,4.1895,GBP
3023,3.3074999999999997,GBP
3024,0.0,-
3025,0.0,-
3026,0.0,-
3027,3.9689999999999994,GBP
3028,3.3074999999999997,GBP
3029,3.528,GBP
3030,0.0,-
3031,3.3074999999999997,GBP
3032,4.1895,GBP
3033,3.0869999999999997,GBP
3034,0.0,-
3035,3.4838999999999998,GBP
3036,3.9689999999999994,GBP
3037,3.9689999999999994,GBP
3038,0.0,-
3039,0.0,-
3040,3.0869999999999997,GBP
3041,3.528,GBP
3042,2.8665,GBP
3043,1.5434999999999999,GBP
3044,3.4838999999999998,GBP
3045,3.528,GBP
3046,0.0,-
3047,3.7484999999999995,GBP
3048,2.205,GBP
3049,0.0,-
3050,3.0429,GBP
3051,2.205,GBP
3052,0.0,-
3053,0.0,-
3054,1.764,GBP
3055,3.528,GBP
3056,0.0,-
3057,0.0,-
3058,0.0,-
3059,2.4254999999999995,GBP
3060,0.0,-
3061,4.1895,GBP
3062,0.0,-
3063,1.764,GBP
3064,1.6317,GBP
3065,0.0,-
3066,2.646,GBP
3067,3.4838999999999998,GBP
3068,3.528,GBP
3069,0.0,-
3070,0.0,-
3071,2.4254999999999995,GBP
3072,0.0,-
3073,0.0,-
3074,1.5434999999999999,GBP
3075,0.0,-
3076,0.0,-
3077,3.0869999999999997,GBP
3078,0.0,-
3079,0.0,-
3080,0.0,-
3081,2.4254999999999995,GBP
3082,3.0869999999999997,GBP
3083,3.528,GBP
3084,0.0,-
3085,0.0,-
3086,0.0,-
3087,3.528,GBP
3088,0.0,-
3089,2.646,GBP
3090,0.0,-
3091,0.0,-
3092,0.0,-
3093,0.0,-
3094,3.0869999999999997,GBP
3095,0.0,-
3096,0.0,-
3097,3.3074999999999997,GBP
3098,0.0,-
3099,4.3659,GBP
3100,0.0,-
3101,0.0,-
3102,0.0,-
3103,0.0,-
3104,2.8665,GBP
3105,3.0429,GBP
3106,0.0,-
3107,0.0,-
3108,0.0,-
3109,0.0,-
3110,0.0,-
3111,0.0,-
3112,3.9689999999999994,GBP
3113,3.0869999999999997,GBP
3114,4.41,GBP
3115,3.528,GBP
3116,3.0869999999999997,GBP
3117,0.0,-
3118,2.8665,GBP
3119,3.9689999999999994,GBP
3120,1.764,GBP
3121,0.0,-
3122,0.0,-
3123,0.0,-
3124,3.7484999999999995,GBP
3125,0.0,-
3126,0.0,-
3127,0.0,-
3128,2.646,GBP
3129,0.0,-
3130,0.0,-
3131,2.8665,GBP
3132,0.0,-
3133,0.0,-
3134,3.6161999999999996,GBP
3135,2.646,GBP
3136,5.292,GBP
3137,0.0,-
3138,1.764,GBP
3139,0.0,-
3140,0.0,-
3141,0.0,-
3142,0.0,-
3143,1.5434999999999999,GBP
3144,3.528,GBP
3145,0.0,-
3146,0.0,-
3147,3.3074999999999997,GBP
3148,3.7484999999999995,GBP
3149,0.0,-
3150,0.0,-
3151,0.0,-
3152,3.0869999999999997,GBP
3153,0.0,-
3154,0.0,-
3155,3.0869999999999997,GBP
3156,2.4254999999999995,GBP
3157,0.0,-
3158,0.0,-
3159,3.0869999999999997,GBP
3160,0.0,-
3161,0.0,-
3162,3.528,GBP
3163,0.0,-
3164,0.0,-
3165,0.0,-
3166,0.0,-
3167,0.0,-
3168,0.882,GBP
3169,2.205,GBP
3170,0.0,-
3171,3.924899999999999,GBP
3172,0.0,-
3173,0.0,-
3174,0.0,-
3175,0.0,-
3176,3.3074999999999997,GBP
3177,3.924899999999999,GBP
3178,0.0,-
3179,1500.0,Russian ruble
3180,2150.0,Russian ruble
3181,0.0,-
3182,2450.0,Russian ruble
3183,0.0,-
3184,69.11999999999999,GBP
3185,0.0,-
3186,0.0,-
3187,975.0,Ukrainian hryvnia
3188,0.0,-
3189,0.0,-
3190,390.0,Ukrainian hryvnia
3191,0.0,-
3192,700.0,Ukrainian hryvnia
3193,0.0,-
3194,0.0,-
3195,0.0,-
3196,0.0,-
3197,0.0,-
3198,550.0,Ukrainian hryvnia
3199,0.0,-
3200,0.0,-
3201,600.0,Ukrainian hryvnia
3202,0.0,-
3203,0.0,-
3204,0.0,-
3205,0.0,-
3206,0.0,-
3207,0.0,-
3208,0.0,-
3209,0.0,-
3210,0.0,-
3211,0.0,-
3212,0.0,-
3213,0.0,-
3214,0.0,-
3215,0.0,-
3216,0.0,-
3217,0.0,-
3218,0.0,-
3219,0.0,-
3220,240.0,Ukrainian hryvnia
3221,0.0,-
3222,0.0,-
3223,0.0,-
3224,0.0,-
3225,0.0,-
3226,0.0,-
3227,400.0,Ukrainian hryvnia
3228,0.0,-
3229,0.0,-
3230,0.0,-
3231,0.0,-
3232,0.0,-
3233,0.0,-
3234,0.0,-
3235,0.0,-
3236,1900.0,Russian ruble
3237,0.0,-
3238,0.0,-
3239,0.0,-
3240,0.0,-
3241,0.0,-
3242,0.0,-
3243,45.0,GBP
3244,45.0,GBP
3247,0.0,-
3248,0.0,-
3249,0.0,-
3250,0.0,-
3252,0.0,-
3253,0.0,-
3254,0.0,-
3255,0.0,-
3257,0.0,-
3258,0.0,-
3260,0.0,-
3261,30.0,GBP
3262,0.0,-
3263,13.0,GBP
3264,15.0,GBP
3265,0.0,-
3266,11.0,GBP
3267,12.0,GBP
3268,25.0,GBP
3269,0.0,-
3270,11.0,GBP
3271,0.0,-
3272,0.0,-
3273,0.0,-
3274,0.0,-
3275,0.0,-
3276,0.0,-
3277,14.0,GBP
3278,0.0,-
3279,22.0,GBP
3280,0.0,-
3281,15.0,GBP
3282,0.0,-
3283,15.0,GBP
3284,0.0,-
3285,3650.0,Icelandic krona
3286,3000.0,Icelandic krona
3287,4900.0,Icelandic krona
3288,0.0,-
3289,2650.0,Icelandic krona
3290,3500.0,Icelandic krona
3291,3550.0,Icelandic krona
3292,3500.0,Icelandic krona
3293,2500.0,Icelandic krona
3294,470.0,Icelandic krona
3295,2800.0,Icelandic krona
3296,100.0,Romanian leu
3297,145.0,Romanian leu
3298,160.0,Romanian leu
3299,145.0,Romanian leu
3300,83.0,Romanian leu
3301,0.0,-
3302,110.0,Romanian leu
3303,0.0,-
3304,140.0,Romanian leu
3305,0.0,-
3306,0.0,-
3307,0.0,-
3308,0.0,-
3309,0.0,-
3310,0.0,-
3311,0.0,-
3312,0.0,-
3313,0.0,-
3314,50.0,Romanian leu
3315,50.0,Romanian leu
3316,0.0,-
3317,120.0,Romanian leu
3318,0.0,-
3319,0.0,-
3320,0.0,-
3321,0.0,-
3322,0.0,-
3323,0.0,-
3324,0.0,-
3325,0.0,-
3326,0.0,-
3327,0.0,-
3328,0.0,-
3329,0.0,-
3330,0.0,-
3331,0.0,-
3332,0.0,-
3333,35.0,Romanian leu
3334,0.0,-
3335,0.0,-
3336,0.0,-
3337,0.0,-
3338,0.0,-
3339,0.0,-
3340,0.0,-
3341,0.0,-
3342,50.0,Romanian leu
3343,0.0,-
3344,0.0,-
3345,0.0,-
3346,0.0,-
3347,66.0,Romanian leu
3348,45.0,Romanian leu
3349,0.0,-
3350,0.0,-
3351,0.0,-
3352,0.0,-
3353,0.0,-
3354,0.0,-
3355,0.0,-
3356,0.0,-
3357,80.0,Romanian leu
3358,0.0,-
3359,90.0,Romanian leu
3360,0.0,-
3361,0.0,-
3362,0.0,-
3363,90.0,Romanian leu
3364,0.0,-
3365,0.0,-
3366,0.0,-
3367,90.0,Romanian leu
3368,0.0,-
3369,0.0,-
3370,0.0,-
3371,0.0,-
3372,0.0,-
3373,0.0,-
3374,0.0,-
3375,0.0,-
3376,0.0,-
3377,160.0,Romanian leu
3378,0.0,-
3379,0.0,-
3380,0.0,-
3381,45.0,Romanian leu
3382,85.0,Romanian leu
3383,0.0,-
3384,0.0,-
3385,0.0,-
3386,0.0,-
3387,0.0,-
3388,0.0,-
3390,30.0,UK Pound
3391,32.0,UK Pound
3392,36.0,UK Pound
3393,0.0,-
3394,59.0,UK Pound
3395,0.0,-
3398,14.0,UK Pound
3399,30.0,UK Pound
3401,0.0,-
3402,0.0,-
3403,0.0,-
3404,15.0,UK Pound
3405,0.0,-
3406,32.0,UK Pound
3407,26.0,UK Pound
3408,17.0,UK Pound
3409,0.0,-
3411,12.0,UK Pound
3412,0.0,-
3413,12.0,UK Pound
3414,16.0,UK Pound
3416,10.0,UK Pound
3417,0.0,-
3419,17.0,UK Pound
3420,0.0,-
3421,0.0,-
3422,7.0,UK Pound
3423,0.0,-
3424,31.0,UK Pound
3425,0.0,-
3426,24.0,UK Pound
3427,6.0,UK Pound
3428,0.0,-
3429,0.0,-
3430,0.0,-
3431,0.0,-
3433,0.0,-
3434,0.0,-
3435,0.0,-
3436,25.0,UK Pound
3437,12.0,UK Pound
3438,35.0,UK Pound
3439,7.0,UK Pound
3440,0.0,-
3441,0.0,-
3442,0.0,-
3444,24.0,UK Pound
3445,35.0,UK Pound
3446,30.0,UK Pound
3447,15.0,UK Pound
3448,0.0,-
3450,50.0,UK Pound
3451,0.0,-
3452,0.0,-
3453,46.0,UK Pound
3454,0.0,-
3456,0.0,-
3457,0.0,-
3458,15.0,UK Pound
3459,20.0,UK Pound
3461,0.0,-
3462,69.0,UK Pound
3464,30.0,UK Pound
3465,11.0,UK Pound
3466,15.0,UK Pound
3467,20.0,UK Pound
3468,0.0,-
3469,700.0,Russian ruble
3470,0.0,-
3471,0.0,-
3472,1200.0,Russian ruble
3473,0.0,-
3474,0.0,-
3475,850.0,Russian ruble
3476,0.0,-
3477,0.0,-
3478,0.0,-
3479,1100.0,Macedonian denar
3480,0.0,-
3481,0.0,-
3482,900.0,Macedonian denar
3483,0.0,-
3484,0.0,-
3485,0.0,-
3486,18.0,GBP
3487,29.0,GBP
3488,0.0,-
3489,0.0,-
3490,0.0,-
3491,0.0,-
3492,0.0,-
3493,15.0,GBP
3494,0.0,-
3495,0.0,-
3496,0.0,-
3497,0.0,-
3498,38.0,GBP
3499,41.0,GBP
3500,45.0,GBP
3501,0.0,-
3502,0.0,-
3503,0.0,-
3504,15.0,GBP
3505,12.0,GBP
3506,0.0,-
3507,12.0,GBP
3508,14.0,GBP
3509,10.0,GBP
3510,2.1970000000000005,GBP
3511,0.0,-
3512,4.6475,GBP
3513,1.69,GBP
3514,0.0,-
3515,2.366,GBP
3516,0.0,-
3517,0.0,-
3518,58.0,US Dollar
3519,0.0,-
3520,58.0,US Dollar
3521,0.0,-
3522,0.0,-
3523,35.0,US Dollar
3524,79.0,US Dollar
3525,159.0,US Dollar
3526,55.0,US Dollar
3527,43.0,US Dollar
3528,48.0,US Dollar
3529,45.0,US Dollar
3530,104.0,US Dollar
3531,35.0,US Dollar
3532,85.0,US Dollar
3533,0.0,-
3534,42.0,US Dollar
3535,73.0,US Dollar
3536,30.0,US Dollar
3537,35.0,US Dollar
3538,56.0,US Dollar
3539,61.0,US Dollar
3540,35.0,US Dollar
3541,100.0,US Dollar
3542,89.0,US Dollar
3543,169.0,US Dollar
3544,169.0,US Dollar
3545,85.0,US Dollar
3546,30.0,US Dollar
3547,10.0,US Dollar
3548,47.0,US Dollar
3549,20.0,US Dollar
3550,125.0,US Dollar
3551,67.0,US Dollar
3552,89.0,US Dollar
3553,20.0,US Dollar
3554,79.0,US Dollar
3555,0.0,-
3556,25.0,US Dollar
3557,45.0,US Dollar
3558,22.0,US Dollar
3559,189.0,US Dollar
3560,48.0,US Dollar
3561,65.0,US Dollar
3562,0.0,-
3563,68.0,US Dollar
3564,62.0,US Dollar
3565,59.0,US Dollar
3566,58.0,US Dollar
3567,0.0,-
3568,65.0,US Dollar
3569,135.0,US Dollar
3570,30.0,US Dollar
3571,0.0,-
3572,38.0,US Dollar
3573,44.0,US Dollar
3574,55.0,US Dollar
3575,29.0,US Dollar
3576,0.0,-
3577,0.0,-
3578,65.0,US Dollar
3579,40.0,US Dollar
3580,44.0,US Dollar
3581,45.0,US Dollar
3582,62.0,US Dollar
3583,85.0,US Dollar
3584,39.0,US Dollar
3585,59.0,US Dollar
3586,74.0,US Dollar
3587,64.0,US Dollar
3588,43.0,US Dollar
3589,35.0,US Dollar
3590,47.0,US Dollar
3591,22.0,US Dollar
3592,89.0,US Dollar
3593,89.0,US Dollar
3594,52.0,US Dollar
3595,43.0,US Dollar
3596,32.0,US Dollar
3597,164.0,US Dollar
3598,89.0,US Dollar
3599,69.0,US Dollar
3600,60.0,US Dollar
3601,79.0,US Dollar
3602,72.0,US Dollar
3603,79.0,US Dollar
3604,31.0,US Dollar
3605,64.0,US Dollar
3606,65.0,US Dollar
3607,44.0,US Dollar
3608,0.0,-
3609,40.0,US Dollar
3610,55.0,US Dollar
3611,64.0,US Dollar
3612,169.0,US Dollar
3613,65.0,US Dollar
3614,47.0,US Dollar
3615,39.0,US Dollar
3616,67.0,US Dollar
3617,34.0,US Dollar
3618,45.0,US Dollar
3619,15.0,US Dollar
3620,68.0,US Dollar
3621,75.0,US Dollar
3622,37.0,US Dollar
3623,0.0,-
3624,0.0,-
3625,465.0,US Dollar
3626,325.0,US Dollar
3627,65.0,US Dollar
3628,66.0,US Dollar
3629,0.0,-
3630,0.0,-
3631,42.0,US Dollar
3632,10.0,US Dollar
3633,52.0,US Dollar
3634,79.0,US Dollar
3635,37.0,US Dollar
3636,45.0,US Dollar
3637,0.0,-
3638,45.0,US Dollar
3639,30.0,US Dollar
3640,25.0,US Dollar
3641,38.0,US Dollar
3642,32.0,US Dollar
3643,52.0,US Dollar
3644,32.0,US Dollar
3645,150.0,US Dollar
3646,0.0,-
3647,20.0,US Dollar
3648,72.0,US Dollar
3649,39.0,US Dollar
3650,115.0,US Dollar
3651,64.0,US Dollar
3652,72.0,US Dollar
3653,80.0,US Dollar
3654,48.0,US Dollar
3655,45.0,US Dollar
3656,135.0,US Dollar
3657,0.0,-
3658,40.0,US Dollar
3659,55.0,US Dollar
3660,79.0,US Dollar
3661,0.0,-
3662,46.0,US Dollar
3663,72.0,US Dollar
3664,120.0,US Dollar
3665,59.0,US Dollar
3666,69.0,US Dollar
3667,40.0,US Dollar
3668,0.0,-
3669,20.0,US Dollar
3670,65.0,US Dollar
3671,42.0,US Dollar
3672,52.0,US Dollar
3673,15.0,US Dollar
3674,49.0,US Dollar
3675,25.0,US Dollar
3676,94.0,US Dollar
3677,66.0,US Dollar
3678,40.0,US Dollar
3679,20.0,US Dollar
3680,0.0,-
3681,20.0,US Dollar
3682,0.0,-
3683,28.0,US Dollar
3684,24.0,US Dollar
3685,0.0,-
3686,40.0,US Dollar
3687,54.0,US Dollar
3688,12.0,US Dollar
3689,83.0,US Dollar
3690,74.0,US Dollar
3691,53.0,US Dollar
3692,90.0,US Dollar
3693,49.0,US Dollar
3694,80.0,US Dollar
3695,35.0,US Dollar
3696,26.0,US Dollar
3697,40.0,US Dollar
3698,68.0,US Dollar
3699,86.0,US Dollar
3700,0.0,-
3701,30.0,US Dollar
3702,0.0,-
3703,152.0,US Dollar
3704,25.0,US Dollar
3705,27.0,US Dollar
3706,39.0,US Dollar
3707,45.0,US Dollar
3708,48.0,US Dollar
3709,69.0,US Dollar
3710,20.0,US Dollar
3711,32.0,US Dollar
3712,42.0,US Dollar
3713,42.0,US Dollar
3714,75.0,US Dollar
3715,70.0,US Dollar
3716,0.0,-
3717,54.0,US Dollar
3718,25.0,US Dollar
3719,30.0,US Dollar
3720,55.0,US Dollar
3721,80.0,US Dollar
3722,0.0,-
3723,34.0,US Dollar
3725,0.0,-
3726,65.0,US Dollar
3727,58.0,US Dollar
3728,149.0,US Dollar
3729,82.0,US Dollar
3730,0.0,-
3731,81.0,US Dollar
3732,109.0,US Dollar
3733,40.0,US Dollar
3734,20.0,US Dollar
3735,5.0,US Dollar
3736,12.0,US Dollar
3737,159.0,US Dollar
3738,115.0,US Dollar
3739,55.0,US Dollar
3740,119.0,US Dollar
3741,60.0,US Dollar
3742,53.0,US Dollar
3743,15.0,US Dollar
3744,70.0,US Dollar
3745,0.0,-
3746,53.0,US Dollar
3747,18.0,US Dollar
3748,76.0,US Dollar
3749,15.0,US Dollar
3750,44.0,US Dollar
3751,5.0,US Dollar
3752,20.0,US Dollar
3753,44.0,US Dollar
3754,95.0,US Dollar
3755,42.0,US Dollar
3756,45.0,US Dollar
3757,48.0,US Dollar
3758,75.0,US Dollar
3759,82.0,US Dollar
3760,15.0,US Dollar
3761,0.0,-
3762,82.0,US Dollar
3763,45.0,US Dollar
3764,67.0,US Dollar
3765,31.0,US Dollar
3766,159.0,US Dollar
3767,0.0,-
3768,46.0,US Dollar
3769,70.0,US Dollar
3770,36.0,US Dollar
3771,30.0,US Dollar
3772,36.0,US Dollar
3773,45.0,US Dollar
3774,0.0,-
3775,55.0,US Dollar
3776,0.0,-
3777,60.0,US Dollar
3778,74.0,US Dollar
3780,45.0,US Dollar
3781,62.0,US Dollar
3782,47.0,US Dollar
3783,39.0,US Dollar
3784,0.0,-
3785,0.0,-
3786,38.0,US Dollar
3787,7.0,US Dollar
3788,31.0,US Dollar
3789,95.0,US Dollar
3790,69.0,US Dollar
3791,74.0,US Dollar
3792,74.0,US Dollar
3793,74.0,US Dollar
3794,59.0,US Dollar
3795,46.0,US Dollar
3796,24.0,US Dollar
3797,96.0,US Dollar
3798,350.0,US Dollar
3799,62.0,US Dollar
3800,69.0,US Dollar
3801,59.0,US Dollar
3802,63.0,US Dollar
3803,0.0,-
3804,30.0,US Dollar
3805,32.0,US Dollar
3806,43.0,US Dollar
3807,82.0,US Dollar
3808,53.0,US Dollar
3809,20.0,US Dollar
3810,41.0,US Dollar
3811,51.0,US Dollar
3812,40.0,US Dollar
3813,0.0,-
3814,49.0,US Dollar
3815,20.0,US Dollar
3816,125.0,US Dollar
3817,58.0,US Dollar
3818,58.0,US Dollar
3819,55.0,US Dollar
3820,84.0,US Dollar
3821,50.0,US Dollar
3822,0.0,-
3823,16.0,US Dollar
3824,43.0,US Dollar
3825,55.0,US Dollar
3826,27.0,US Dollar
3827,0.0,-
3828,44.0,US Dollar
3829,45.0,US Dollar
3830,0.0,-
3831,0.0,-
3832,15.0,US Dollar
3833,152.0,US Dollar
3834,45.0,US Dollar
3835,80.0,US Dollar
3836,0.0,-
3837,38.0,US Dollar
3838,65.0,US Dollar
3839,26.0,US Dollar
3840,110.0,US Dollar
3841,40.0,US Dollar
3842,65.0,US Dollar
3843,49.0,US Dollar
3844,22.0,US Dollar
3845,42.0,US Dollar
3846,145.0,US Dollar
3847,66.0,US Dollar
3848,0.0,-
3849,43.0,US Dollar
3850,59.0,US Dollar
3851,0.0,-
3852,0.0,-
3853,74.0,US Dollar
3854,43.0,US Dollar
3855,56.0,US Dollar
3856,45.0,US Dollar
3857,0.0,-
3858,61.0,US Dollar
3859,0.0,-
3860,0.0,-
3861,0.0,-
3862,0.0,-
3863,38.0,US Dollar
3864,39.0,US Dollar
3865,0.0,-
3866,85.0,US Dollar
3867,48.0,US Dollar
3868,55.0,US Dollar
3869,0.0,-
3870,71.0,US Dollar
3871,5.0,US Dollar
3872,8.0,US Dollar
3873,89.0,US Dollar
3874,0.0,-
3875,36.0,US Dollar
3876,8.0,US Dollar
3877,79.0,US Dollar
3878,45.0,US Dollar
3879,0.0,-
3880,0.0,-
3881,53.0,US Dollar
3882,73.0,US Dollar
3883,0.0,-
3884,0.0,-
3885,0.0,-
3886,20.0,US Dollar
3887,68.0,US Dollar
3888,40.0,US Dollar
3889,0.0,-
3890,69.0,US Dollar
3891,0.0,-
3892,25.0,US Dollar
3893,55.0,US Dollar
3894,75.0,US Dollar
3895,40.0,US Dollar
3896,40.0,US Dollar
3897,37.0,US Dollar
3898,79.0,US Dollar
3899,0.0,-
3900,0.0,-
3901,36.0,US Dollar
3902,87.0,US Dollar
3903,69.0,US Dollar
3904,69.0,US Dollar
3905,62.0,US Dollar
3906,65.0,US Dollar
3907,45.0,US Dollar
3908,0.0,-
3909,104.0,US Dollar
3910,0.0,-
3911,60.0,US Dollar
3912,0.0,-
3913,59.0,US Dollar
3914,45.0,US Dollar
3915,35.0,US Dollar
3916,49.0,US Dollar
3917,35.0,US Dollar
3918,0.0,-
3919,0.0,-
3920,34.0,US Dollar
3921,0.0,-
3922,80.0,US Dollar
3923,40.0,US Dollar
3924,44.0,US Dollar
3925,0.0,-
3926,55.0,US Dollar
3927,39.0,US Dollar
3928,32.0,US Dollar
3929,89.0,US Dollar
3930,49.0,US Dollar
3931,79.0,US Dollar
3932,99.0,US Dollar
3933,129.0,US Dollar
3934,25.0,US Dollar
3935,169.0,US Dollar
3936,99.0,US Dollar
3937,35.0,US Dollar
3938,45.0,US Dollar
3939,39.0,US Dollar
3940,38.0,US Dollar
3941,88.0,US Dollar
3942,56.0,US Dollar
3943,49.0,US Dollar
3944,35.0,US Dollar
3945,48.0,US Dollar
3946,25.0,US Dollar
3947,129.0,US Dollar
3948,0.0,-
3949,8.0,US Dollar
3950,165.0,US Dollar
3951,0.0,-
3952,74.0,US Dollar
3953,10.0,US Dollar
3954,0.0,-
3955,131.0,US Dollar
3956,105.0,US Dollar
3957,115.0,US Dollar
3958,72.0,US Dollar
3959,97.0,US Dollar
3960,95.0,US Dollar
3961,68.0,US Dollar
3962,30.0,US Dollar
3963,42.0,US Dollar
3964,70.0,US Dollar
3965,105.0,US Dollar
3966,60.0,US Dollar
3967,45.0,US Dollar
3968,63.0,US Dollar
3969,71.0,US Dollar
3970,0.0,-
3971,54.0,US Dollar
3972,42.0,US Dollar
3973,69.0,US Dollar
3974,105.0,US Dollar
3975,133.0,US Dollar
3976,0.0,-
3977,53.0,US Dollar
3978,45.0,US Dollar
3979,0.0,-
3980,50.0,US Dollar
3981,0.0,-
3982,0.0,-
3983,40.0,US Dollar
3984,79.0,US Dollar
3985,55.0,US Dollar
3986,52.0,US Dollar
3987,40.0,US Dollar
3988,76.0,US Dollar
3989,79.0,US Dollar
3990,22.0,US Dollar
3991,45.0,US Dollar
3992,50.0,US Dollar
3993,59.0,US Dollar
3994,0.0,-
3995,50.0,US Dollar
3996,37.0,US Dollar
3997,48.0,US Dollar
3998,0.0,-
3999,45.0,US Dollar
4000,169.0,US Dollar
4001,0.0,-
4002,0.0,-
4003,0.0,-
4004,40.0,US Dollar
4005,0.0,-
4006,69.0,US Dollar
4007,49.0,US Dollar
4008,32.0,US Dollar
4009,81.0,US Dollar
4010,56.0,US Dollar
4011,63.0,US Dollar
4012,59.0,US Dollar
4013,43.0,US Dollar
4014,0.0,-
4015,63.0,US Dollar
4016,48.0,US Dollar
4017,94.0,US Dollar
4018,79.0,US Dollar
4019,75.0,US Dollar
4020,30.0,US Dollar
4021,51.0,US Dollar
4022,85.0,US Dollar
4023,49.0,US Dollar
4024,43.0,US Dollar
4025,64.0,US Dollar
4026,85.0,US Dollar
4027,10.0,US Dollar
4028,159.0,US Dollar
4029,0.0,-
4030,84.0,US Dollar
4031,69.0,US Dollar
4032,74.0,US Dollar
4033,70.0,US Dollar
4034,56.0,US Dollar
4035,42.0,US Dollar
4036,43.0,US Dollar
4037,49.0,US Dollar
4038,0.0,-
4039,0.0,-
4040,0.0,-
4041,0.0,-
4042,0.0,-
4043,0.0,-
4044,0.0,-
4045,0.0,-
4046,0.0,-
4047,1119000.0,Iranian rial
4048,0.0,-
4049,0.0,-
4050,0.0,-
4051,0.0,-
4052,0.0,-
4053,0.0,-
4054,0.0,-
4055,0.0,-
4056,0.0,-
4057,0.0,-
4058,0.0,-
4059,0.0,-
4060,0.0,-
4061,0.0,-
4062,0.0,-
4063,0.0,-
4064,0.0,-
4065,0.0,-
4066,0.0,-
4067,0.0,-
4068,0.0,-
4069,0.0,-
4070,0.0,-
4071,0.0,-
4072,0.0,-
4073,0.0,-
4074,0.0,-
4075,70.0,Turkish lira
4076,0.0,-
4077,0.0,-
4078,0.0,-
4079,0.0,-
4080,0.0,-
4081,0.0,-
4082,0.0,-
4083,0.0,-
4084,40.0,Turkish lira
4085,0.0,-
4086,0.0,-
4087,0.0,-
4088,0.0,-
4089,60.0,Turkish lira
4090,0.0,-
4091,45.0,Turkish lira
4092,35.0,Turkish lira
4093,0.0,-
4094,0.0,-
4095,120.0,Turkish lira
4096,2940.0,Japanese Yen
4097,0.0,-
4098,0.0,-
4099,0.0,-
4100,4000.0,Japanese Yen
4101,4000.0,Japanese Yen
4102,4000.0,Japanese Yen
4103,4200.0,Japanese Yen
4104,0.0,-
4105,2400.0,Japanese Yen
4106,800.0,Japanese Yen
4107,3200.0,Japanese Yen
4108,0.0,-
4109,0.0,-
4110,0.0,-
4111,4000.0,Japanese Yen
4112,0.0,-
4113,4700.0,Japanese Yen
4114,0.0,-
4115,3600.0,Japanese Yen
4116,0.0,-
4117,0.0,-
4118,5600.0,Japanese Yen
4119,2400.0,Japanese Yen
4120,3500.0,Japanese Yen
4121,2000.0,Japanese Yen
4122,0.0,-
4123,3500.0,Japanese Yen
4124,3300.0,Japanese Yen
4125,4500.0,Japanese Yen
4126,2900.0,Japanese Yen
4127,0.0,-
4128,3000.0,Japanese Yen
4129,4000.0,Japanese Yen
4130,0.0,-
4131,2900.0,Japanese Yen
4132,0.0,-
4133,0.0,-
4134,0.0,-
4135,700.0,Japanese Yen
4136,0.0,-
4137,3400.0,Japanese Yen
4138,0.0,-
4139,0.0,-
4140,3500.0,Japanese Yen
4141,0.0,-
4142,0.0,-
4143,0.0,-
4144,0.0,-
4145,0.0,-
4146,0.0,-
4147,0.0,-
4148,3500.0,Japanese Yen
4149,4300.0,Japanese Yen
4150,3000.0,Japanese Yen
4151,2500.0,Japanese Yen
4152,4700.0,Japanese Yen
4153,3900.0,Japanese Yen
4154,3500.0,Japanese Yen
4155,4000.0,Japanese Yen
4156,3000.0,Japanese Yen
4157,0.0,-
4158,0.0,-
4159,1700.0,Japanese Yen
4160,2900.0,Japanese Yen
4161,2000.0,Japanese Yen
4162,2600.0,Japanese Yen
4163,0.0,-
4164,2500.0,Japanese Yen
4165,0.0,-
4166,4000.0,Japanese Yen
4167,4800.0,Japanese Yen
4168,0.0,-
4169,0.0,-
4170,0.0,-
4171,3400.0,Japanese Yen
4172,4500.0,Japanese Yen
4173,3500.0,Japanese Yen
4174,4900.0,Japanese Yen
4175,3600.0,Japanese Yen
4176,4400.0,Japanese Yen
4177,2900.0,Japanese Yen
4178,2300.0,Japanese Yen
4179,2600.0,Japanese Yen
4180,1570.0,Japanese Yen
4181,0.0,-
4182,3400.0,Japanese Yen
4183,4700.0,Japanese Yen
4184,3000.0,Japanese Yen
4185,0.0,-
4186,4500.0,Japanese Yen
4187,4000.0,Japanese Yen
4188,5500.0,Japanese Yen
4189,1680.0,Japanese Yen
4190,0.0,-
4191,4600.0,Japanese Yen
4192,4600.0,Japanese Yen
4193,4500.0,Japanese Yen
4194,0.0,-
4195,0.0,-
4196,5000.0,Japanese Yen
4197,0.0,-
4198,0.0,-
4199,5000.0,Japanese Yen
4200,0.0,-
4201,0.0,-
4202,4000.0,Japanese Yen
4203,4700.0,Japanese Yen
4204,0.0,-
4205,0.0,-
4206,3700.0,Japanese Yen
4207,3500.0,Japanese Yen
4208,4500.0,Japanese Yen
4209,2700.0,Japanese Yen
4210,2800.0,Japanese Yen
4211,0.0,-
4212,0.0,-
4213,0.0,-
4214,4800.0,Japanese Yen
4215,4800.0,Japanese Yen
4216,5000.0,Japanese Yen
4217,0.0,-
4218,4000.0,Japanese Yen
4219,0.0,-
4220,0.0,-
4221,0.0,-
4222,0.0,-
4223,0.0,-
4224,3000.0,Japanese Yen
4225,5200.0,Japanese Yen
4226,3000.0,Japanese Yen
4227,5000.0,Japanese Yen
4228,4300.0,Japanese Yen
4229,0.0,-
4230,3600.0,Japanese Yen
4231,3600.0,Japanese Yen
4232,3000.0,Japanese Yen
4233,0.0,-
4234,3700.0,Japanese Yen
4235,5000.0,Japanese Yen
4236,3500.0,Japanese Yen
4237,0.0,-
4238,0.0,-
4239,0.0,-
4240,0.0,-
4241,0.0,-
4242,2500.0,Japanese Yen
4243,0.0,-
4244,0.0,-
4245,3500.0,Japanese Yen
4246,3000.0,Japanese Yen
4247,4200.0,Japanese Yen
4248,4000.0,Japanese Yen
4249,4000.0,Japanese Yen
4250,0.0,-
4251,5000.0,Japanese Yen
4252,0.0,-
4253,2200.0,Japanese Yen
4254,5400.0,Japanese Yen
4255,3800.0,Japanese Yen
4256,0.0,-
4257,3900.0,Japanese Yen
4258,4700.0,Japanese Yen
4259,0.0,-
4260,4000.0,Japanese Yen
4261,3000.0,Japanese Yen
4262,4000.0,Japanese Yen
4263,0.0,-
4264,5000.0,Japanese Yen
4265,5000.0,Japanese Yen
4266,5000.0,Japanese Yen
4267,0.0,-
4268,0.0,-
4269,3500.0,Japanese Yen
4270,3600.0,Japanese Yen
4271,4000.0,Japanese Yen
4272,0.0,-
4273,4300.0,Japanese Yen
4274,3800.0,Japanese Yen
4275,4700.0,Japanese Yen
4276,0.0,-
4277,1540.0,Japanese Yen
4278,0.0,-
4279,4200.0,Japanese Yen
4280,0.0,-
4281,3600.0,Japanese Yen
4282,4000.0,Japanese Yen
4283,0.0,-
4284,3600.0,Japanese Yen
4285,0.0,-
4286,3000.0,Japanese Yen
4287,2600.0,Japanese Yen
4288,0.0,-
4289,4000.0,Japanese Yen
4290,4400.0,Japanese Yen
4291,0.0,-
4292,0.0,-
4293,3300.0,Japanese Yen
4294,4700.0,Japanese Yen
4295,3300.0,Japanese Yen
4296,3500.0,Japanese Yen
4297,3700.0,Japanese Yen
4298,4000.0,Japanese Yen
4299,0.0,-
4300,3600.0,Japanese Yen
4301,3900.0,Japanese Yen
4302,3600.0,Japanese Yen
4303,0.0,-
4304,2600.0,Japanese Yen
4305,0.0,-
4306,3600.0,Japanese Yen
4307,3100.0,Japanese Yen
4308,3000.0,Japanese Yen
4309,0.0,-
4310,0.0,-
4311,3000.0,Japanese Yen
4312,0.0,-
4313,4500.0,Japanese Yen
4314,3800.0,Japanese Yen
4315,5300.0,Japanese Yen
4316,3500.0,Japanese Yen
4317,5000.0,Japanese Yen
4318,0.0,-
4319,4500.0,Japanese Yen
4320,0.0,-
4321,4500.0,Japanese Yen
4322,0.0,-
4323,4000.0,Japanese Yen
4324,5000.0,Japanese Yen
4325,0.0,-
4326,0.0,-
4327,5500.0,Japanese Yen
4328,0.0,-
4329,0.0,-
4330,0.0,-
4331,0.0,-
4332,0.0,-
4333,0.0,-
4334,0.0,-
4335,3800.0,Japanese Yen
4336,0.0,-
4337,0.0,-
4338,0.0,-
4339,0.0,-
4340,3000.0,Japanese Yen
4341,2600.0,Japanese Yen
4342,0.0,-
4343,4000.0,Japanese Yen
4344,0.0,-
4345,3800.0,Japanese Yen
4346,0.0,-
4347,4000.0,Japanese Yen
4348,0.0,-
4349,5500.0,Japanese Yen
4350,4800.0,Japanese Yen
4351,5000.0,Japanese Yen
4352,0.0,-
4353,3200.0,Japanese Yen
4354,4000.0,Japanese Yen
4355,0.0,-
4356,1500.0,Japanese Yen
4357,4300.0,Japanese Yen
4358,3900.0,Japanese Yen
4359,4200.0,Japanese Yen
4360,4200.0,Japanese Yen
4361,0.0,-
4362,3000.0,Japanese Yen
4363,3800.0,Japanese Yen
4364,2500.0,Japanese Yen
4365,0.0,-
4366,2500.0,Japanese Yen
4367,3600.0,Japanese Yen
4368,2500.0,Japanese Yen
4369,5000.0,Japanese Yen
4370,0.0,-
4371,3100.0,Japanese Yen
4372,1000.0,Japanese Yen
4373,4500.0,Japanese Yen
4374,4700.0,Japanese Yen
4375,5000.0,Japanese Yen
4376,4900.0,Japanese Yen
4377,2500.0,Japanese Yen
4378,0.0,-
4379,2500.0,Japanese Yen
4380,0.0,-
4381,0.0,-
4382,5400.0,Japanese Yen
4383,4500.0,Japanese Yen
4384,0.0,-
4385,2500.0,Japanese Yen
4386,0.0,-
4387,0.0,-
4388,4300.0,Japanese Yen
4389,4200.0,Japanese Yen
4390,3500.0,Japanese Yen
4391,4500.0,Japanese Yen
4392,2500.0,Japanese Yen
4393,5100.0,Japanese Yen
4394,3500.0,Japanese Yen
4395,4500.0,Japanese Yen
4396,2700.0,Japanese Yen
4397,5700.0,Japanese Yen
4398,4800.0,Japanese Yen
4399,0.0,-
4400,4300.0,Japanese Yen
4401,3400.0,Japanese Yen
4402,2000.0,Japanese Yen
4403,0.0,-
4404,3600.0,Japanese Yen
4405,0.0,-
4406,0.0,-
4407,0.0,-
4408,0.0,-
4409,2500.0,Japanese Yen
4410,4400.0,Japanese Yen
4411,4752.0,Japanese Yen
4412,3500.0,Japanese Yen
4413,3500.0,Japanese Yen
4414,0.0,-
4415,4100.0,Japanese Yen
4416,3900.0,Japanese Yen
4417,3900.0,Japanese Yen
4418,2000.0,Japanese Yen
4419,2800.0,Japanese Yen
4420,4800.0,Japanese Yen
4421,4700.0,Japanese Yen
4422,5700.0,Japanese Yen
4423,5700.0,Japanese Yen
4424,0.0,-
4425,0.0,-
4426,0.0,-
4427,0.0,-
4428,0.0,-
4429,0.0,-
4430,0.0,-
4431,2000.0,Japanese Yen
4432,0.0,-
4433,2000.0,Japanese Yen
4434,4200.0,Japanese Yen
4435,0.0,-
4436,0.0,-
4437,4500.0,Japanese Yen
4438,0.0,-
4439,0.0,-
4440,2110.0,Japanese Yen
4441,0.0,-
4442,0.0,-
4443,0.0,-
4444,0.0,-
4445,7400.0,Japanese Yen
4446,0.0,-
4447,0.0,-
4448,5000.0,Japanese Yen
4449,0.0,-
4450,0.0,-
4451,0.0,-
4452,0.0,-
4453,4000.0,Japanese Yen
4454,4000.0,Japanese Yen
4455,4100.0,Japanese Yen
4456,4500.0,Japanese Yen
4457,0.0,-
4458,4800.0,Japanese Yen
4459,3000.0,Japanese Yen
4460,4200.0,Japanese Yen
4461,0.0,-
4462,3000.0,Japanese Yen
4463,0.0,-
4464,0.0,-
4465,0.0,-
4466,3900.0,Japanese Yen
4467,2850.0,Japanese Yen
4468,0.0,-
4469,4200.0,Japanese Yen
4470,0.0,-
4471,0.0,-
4472,0.0,-
4473,4500.0,Japanese Yen
4474,0.0,-
4475,4000.0,Japanese Yen
4476,0.0,-
4477,0.0,-
4478,5000.0,Japanese Yen
4479,4000.0,Japanese Yen
4480,0.0,-
4481,0.0,-
4482,0.0,-
4483,0.0,-
4484,0.0,-
4485,4300.0,Japanese Yen
4486,3700.0,Japanese Yen
4487,0.0,-
4488,3900.0,Japanese Yen
4489,0.0,-
4490,0.0,-
4491,0.0,-
4492,5000.0,Japanese Yen
4493,4500.0,Japanese Yen
4494,0.0,-
4495,3100.0,Japanese Yen
4496,0.0,-
4497,0.0,-
4498,5100.0,Japanese Yen
4499,4400.0,Japanese Yen
4500,4200.0,Japanese Yen
4501,0.0,-
4502,0.0,-
4503,4000.0,Japanese Yen
4504,4200.0,Japanese Yen
4505,4500.0,Japanese Yen
4506,3000.0,Japanese Yen
4507,0.0,-
4508,0.0,-
4509,5800.0,Japanese Yen
4510,0.0,-
4511,3000.0,Japanese Yen
4512,0.0,-
4513,5900.0,Japanese Yen
4514,3900.0,Japanese Yen
4515,4500.0,Japanese Yen
4516,5000.0,Japanese Yen
4517,0.0,-
4518,3800.0,Japanese Yen
4519,4000.0,Japanese Yen
4520,0.0,-
4521,0.0,-
4522,0.0,-
4523,2800.0,Japanese Yen
4524,4500.0,Japanese Yen
4525,0.0,-
4526,0.0,-
4527,2000.0,Japanese Yen
4528,4100.0,Japanese Yen
4529,3500.0,Japanese Yen
4530,0.0,-
4531,0.0,-
4532,2000.0,Japanese Yen
4533,5000.0,Japanese Yen
4534,4000.0,Japanese Yen
4535,0.0,-
4536,0.0,-
4537,0.0,-
4538,0.0,-
4539,0.0,-
4540,0.0,-
4541,0.0,-
4542,0.0,-
4543,0.0,-
4544,3900.0,Japanese Yen
4545,4300.0,Japanese Yen
4546,0.0,-
4547,0.0,-
4548,4500.0,Japanese Yen
4549,0.0,-
4550,4000.0,Japanese Yen
4551,0.0,-
4552,0.0,-
4553,4200.0,Japanese Yen
4554,0.0,-
4555,0.0,-
4556,0.0,-
4557,0.0,-
4558,4000.0,Japanese Yen
4559,0.0,-
4560,5500.0,Japanese Yen
4561,0.0,-
4562,0.0,-
4563,0.0,-
4564,4200.0,Japanese Yen
4565,0.0,-
4566,3100.0,Japanese Yen
4567,0.0,-
4568,0.0,-
4569,4200.0,Japanese Yen
4570,0.0,-
4571,0.0,-
4572,0.0,-
4573,0.0,-
4574,0.0,-
4575,3800.0,Japanese Yen
4576,2800.0,Japanese Yen
4577,3600.0,Japanese Yen
4578,0.0,-
4579,0.0,-
4580,3800.0,Japanese Yen
4581,4000.0,Japanese Yen
4582,0.0,-
4583,4500.0,Japanese Yen
4584,5000.0,Japanese Yen
4585,0.0,-
4586,0.0,-
4587,0.0,-
4588,0.0,-
4589,3800.0,Japanese Yen
4590,0.0,-
4591,0.0,-
4592,5000.0,Japanese Yen
4593,3000.0,Japanese Yen
4594,0.0,-
4595,0.0,-
4596,4900.0,Japanese Yen
4597,0.0,-
4598,0.0,-
4599,0.0,-
4600,5000.0,Japanese Yen
4601,0.0,-
4602,0.0,-
4603,3800.0,Japanese Yen
4604,4100.0,Japanese Yen
4605,0.0,-
4606,5200.0,Japanese Yen
4607,0.0,-
4608,0.0,-
4609,0.0,-
4610,4500.0,Japanese Yen
4611,1575.0,Japanese Yen
4612,0.0,-
4613,5500.0,Japanese Yen
4614,5000.0,Japanese Yen
4615,0.0,-
4616,0.0,-
4617,0.0,-
4618,4000.0,Japanese Yen
4619,4200.0,Japanese Yen
4620,0.0,-
4621,0.0,-
4622,0.0,-
4623,0.0,-
4624,0.0,-
4625,2670.0,Japanese Yen
4626,5500.0,Japanese Yen
4627,0.0,-
4628,0.0,-
4629,0.0,-
4630,5100.0,Japanese Yen
4631,3800.0,Japanese Yen
4632,0.0,-
4633,0.0,-
4634,0.0,-
4635,0.0,-
4636,0.0,-
4637,2700.0,Japanese Yen
4638,0.0,-
4639,0.0,-
4640,0.0,-
4641,0.0,-
4642,3600.0,Japanese Yen
4643,5000.0,Japanese Yen
4644,0.0,-
4645,0.0,-
4646,4000.0,Japanese Yen
4647,0.0,-
4648,0.0,-
4649,4300.0,Japanese Yen
4650,0.0,-
4651,3800.0,Japanese Yen
4652,4700.0,Japanese Yen
4653,4800.0,Japanese Yen
4654,4300.0,Japanese Yen
4655,3500.0,Japanese Yen
4656,0.0,-
4657,0.0,-
4658,3600.0,Japanese Yen
4659,0.0,-
4660,0.0,-
4661,0.0,-
4662,0.0,-
4663,0.0,-
4664,0.0,-
4665,0.0,-
4666,0.0,-
4667,0.0,-
4668,4000.0,Japanese Yen
4669,4000.0,Japanese Yen
4670,2050.0,Japanese Yen
4671,0.0,-
4672,0.0,-
4673,0.0,-
4674,5000.0,Japanese Yen
4675,0.0,-
4676,4100.0,Japanese Yen
4677,0.0,-
4678,3100.0,Japanese Yen
4679,0.0,-
4680,0.0,-
4681,4000.0,Japanese Yen
4682,0.0,-
4683,4200.0,Japanese Yen
4684,4000.0,Japanese Yen
4685,4000.0,Japanese Yen
4686,4500.0,Japanese Yen
4687,0.0,-
4688,5000.0,Japanese Yen
4689,0.0,-
4690,0.0,-
4691,3300.0,Japanese Yen
4692,3300.0,Japanese Yen
4693,0.0,-
4694,0.0,-
4695,0.0,-
4696,0.0,-
4697,0.0,-
4698,0.0,-
4699,0.0,-
4700,0.0,-
4701,1800.0,Russian ruble
4702,0.0,-
4703,0.0,-
4704,0.0,-
4705,0.0,-
4706,0.0,-
4707,0.0,-
4708,0.0,-
4709,0.0,-
4710,0.0,-
4711,0.0,-
4712,0.0,-
4713,0.0,-
4714,0.0,-
4715,0.0,-
4716,0.0,-
4717,0.0,-
4718,0.0,-
4719,0.0,-
4720,0.0,-
4721,0.0,-
4722,0.0,-
4723,0.0,-
4724,0.0,-
4725,0.0,-
4726,0.0,-
4727,0.0,-
4728,0.0,-
4729,0.0,-
4730,0.0,-
4731,0.0,-
4732,22.0,Canadian Dollar
4733,80.0,Canadian Dollar
4734,56.0,Canadian Dollar
4735,78.0,Canadian Dollar
4736,50.0,Canadian Dollar
4737,0.0,-
4738,59.0,Canadian Dollar
4740,37.0,Canadian Dollar
4741,17.0,Canadian Dollar
4742,75.0,Canadian Dollar
4743,0.0,-
4744,42.0,Canadian Dollar
4745,38.0,Canadian Dollar
4746,20.0,Canadian Dollar
4747,105.0,Canadian Dollar
4748,0.0,-
4749,70.0,Canadian Dollar
4750,0.0,-
4751,39.0,Canadian Dollar
4752,31.0,Canadian Dollar
4754,68.0,Canadian Dollar
4755,0.0,-
4756,0.0,-
4757,42.0,Canadian Dollar
4758,67.0,Canadian Dollar
4759,40.0,Canadian Dollar
4761,0.0,-
4762,42.0,Canadian Dollar
4763,0.0,-
4764,0.0,-
4765,0.0,-
4766,0.0,-
4767,84.0,Canadian Dollar
4768,0.0,-
4769,0.0,-
4770,0.0,-
4771,15.0,Canadian Dollar
4772,0.0,-
4773,35.0,Canadian Dollar
4774,20.0,Canadian Dollar
4775,0.0,-
4776,40.0,Canadian Dollar
4777,80.0,Canadian Dollar
4778,0.0,-
4779,48.0,Canadian Dollar
4780,75.0,Canadian Dollar
4783,75.0,Canadian Dollar
4784,15.0,Canadian Dollar
4785,0.0,-
4786,30.0,Canadian Dollar
4787,0.0,-
4788,0.0,-
4790,30.0,Canadian Dollar
4791,47.0,Canadian Dollar
4792,23.0,Canadian Dollar
4793,25.0,Canadian Dollar
4795,0.0,-
4796,0.0,-
4797,0.0,-
4799,75.0,Canadian Dollar
4800,38.0,Canadian Dollar
4801,0.0,-
4802,0.0,-
4803,0.0,-
4804,0.0,-
4805,63.0,Canadian Dollar
4806,19.0,Canadian Dollar
4808,0.0,-
4810,0.0,-
4811,41.0,Canadian Dollar
4812,73.0,Canadian Dollar
4813,0.0,-
4814,49.0,Canadian Dollar
4815,44.0,Canadian Dollar
4816,62.0,Canadian Dollar
4817,60.0,Canadian Dollar
4818,15.0,Canadian Dollar
4819,8.0,Canadian Dollar
4820,0.0,-
4821,45.0,Canadian Dollar
4824,0.0,-
4825,33.0,Canadian Dollar
4826,10.0,Canadian Dollar
4827,0.0,-
4829,104.0,Canadian Dollar
4831,0.0,-
4832,34.0,Canadian Dollar
4833,45.0,Canadian Dollar
4834,78.0,Canadian Dollar
4835,0.0,-
4837,0.0,-
4838,25.0,Canadian Dollar
4839,14.0,Canadian Dollar
4840,51.0,Canadian Dollar
4841,0.0,-
4842,0.0,-
4843,57.0,Canadian Dollar
4844,63.0,Canadian Dollar
4845,60.0,Canadian Dollar
4846,95.0,Canadian Dollar
4847,40.0,Canadian Dollar
4849,0.0,-
4850,0.0,-
4851,0.0,-
4852,0.0,-
4853,37.0,Canadian Dollar
4854,31.0,Canadian Dollar
4856,25.0,Canadian Dollar
4857,0.0,-
4858,0.0,-
4860,25.0,Canadian Dollar
4861,32.0,Canadian Dollar
4863,31.0,Canadian Dollar
4865,25.0,Canadian Dollar
4866,0.0,-
4867,52.0,Canadian Dollar
4868,41.0,Canadian Dollar
4871,20.0,Canadian Dollar
4872,0.0,-
4874,0.0,-
4875,45.0,Canadian Dollar
4876,36.0,Canadian Dollar
4877,15.0,Canadian Dollar
4879,42.0,Canadian Dollar
4882,41.0,Canadian Dollar
4883,32.0,Canadian Dollar
4884,36.0,Canadian Dollar
4885,0.0,-
4886,38.0,Canadian Dollar
4887,35.0,Canadian Dollar
4889,62.0,Canadian Dollar
4891,12.0,Canadian Dollar
4892,0.0,-
4893,41.0,Canadian Dollar
4897,79.0,Canadian Dollar
4898,0.0,-
4899,0.0,-
4900,49.0,Canadian Dollar
4901,62.0,Canadian Dollar
4902,30.0,Canadian Dollar
4903,99.0,Canadian Dollar
4905,0.0,-
4906,37.0,Canadian Dollar
4908,50.0,Canadian Dollar
4910,45.0,Canadian Dollar
4911,35.0,Canadian Dollar
4912,0.0,-
4913,20.0,Canadian Dollar
4914,25.0,Canadian Dollar
4915,25.0,Canadian Dollar
4916,0.0,-
4917,36.0,Canadian Dollar
4918,59.0,Canadian Dollar
4919,42.0,Canadian Dollar
4920,57.0,Canadian Dollar
4921,50.0,Canadian Dollar
4922,89.0,Canadian Dollar
4923,0.0,-
4924,74.0,Canadian Dollar
4925,42.0,Canadian Dollar
4926,0.0,-
4927,35.0,Canadian Dollar
4929,37.0,Canadian Dollar
4930,0.0,-
4931,0.0,-
4932,0.0,-
4933,0.0,-
4936,99.0,Canadian Dollar
4937,0.0,-
4938,36.0,Canadian Dollar
4939,0.0,-
4940,39.0,Canadian Dollar
4942,0.0,-
4943,36.0,Canadian Dollar
4944,66.0,Canadian Dollar
4945,0.0,-
4946,63.0,Canadian Dollar
4947,41.0,Canadian Dollar
4948,92.0,Canadian Dollar
4949,0.0,-
4950,0.0,-
4951,99.0,Canadian Dollar
4952,0.0,-
4953,0.0,-
4954,0.0,-
4955,22.0,Canadian Dollar
4958,60.0,Canadian Dollar
4959,0.0,-
4961,96.0,Canadian Dollar
4962,40.0,Canadian Dollar
4963,0.0,-
4965,0.0,-
4966,65.0,Canadian Dollar
4967,0.0,-
4968,60.0,Canadian Dollar
4969,38.0,Canadian Dollar
4970,0.0,-
4971,0.0,-
4972,0.0,-
4973,32.0,Canadian Dollar
4974,0.0,-
4975,0.0,-
4976,64.0,Canadian Dollar
4977,25.0,Canadian Dollar
4978,30.0,Canadian Dollar
4979,30.0,Canadian Dollar
4980,95.0,Canadian Dollar
4981,0.0,-
4982,38.0,Canadian Dollar
4983,109.0,Canadian Dollar
4984,0.0,-
4985,42.0,Canadian Dollar
4986,30.0,Canadian Dollar
4988,25.0,Canadian Dollar
4989,0.0,-
4990,16.0,Canadian Dollar
4991,0.0,-
4992,25.0,Canadian Dollar
4993,50.0,Canadian Dollar
4994,0.0,-
4995,0.0,-
4996,0.0,-
4998,11.0,Canadian Dollar
5000,50.0,Canadian Dollar
5001,0.0,-
5002,43.0,Canadian Dollar
5003,37.0,Canadian Dollar
5005,23.0,Canadian Dollar
5006,41.0,Canadian Dollar
5007,36.0,Canadian Dollar
5008,31.0,Canadian Dollar
5009,29.0,Canadian Dollar
5010,45.0,Canadian Dollar
5011,28.0,Canadian Dollar
5012,139.0,Canadian Dollar
5013,0.0,-
5016,0.0,-
5017,0.0,-
5018,0.0,-
5019,0.0,-
5020,0.0,-
5021,0.0,-
5022,0.0,-
5023,0.0,-
5024,0.0,-
5025,0.0,-
5026,0.0,-
5027,0.0,-
5028,280.0,Chinese Yuan
5029,0.0,-
5030,0.0,-
5031,0.0,-
5032,0.0,-
5033,0.0,-
5034,0.0,-
5035,0.0,-
5036,0.0,-
5037,0.0,-
5038,0.0,-
5039,0.0,-
5040,0.0,-
5041,0.0,-
5042,0.0,-
5043,0.0,-
5044,0.0,-
5045,0.0,-
5046,320.0,Chinese Yuan
5047,0.0,-
5048,0.0,-
5049,0.0,-
5050,0.0,-
5051,0.0,-
5052,0.0,-
5053,0.0,-
5054,870.0,Chinese Yuan
5055,0.0,-
5056,0.0,-
5057,0.0,-
5058,0.0,-
5059,0.0,-
5060,0.0,-
5061,0.0,-
5062,390.0,Chinese Yuan
5063,0.0,-
5064,0.0,-
5065,0.0,-
5066,0.0,-
5067,0.0,-
5068,0.0,-
5069,0.0,-
5070,0.0,-
5071,0.0,-
5072,0.0,-
5073,390.0,Chinese Yuan
5074,0.0,-
5075,0.0,-
5076,0.0,-
5077,0.0,-
5078,150.0,Chinese Yuan
5079,0.0,-
5080,0.0,-
5081,0.0,-
5082,0.0,-
5083,0.0,-
5084,0.0,-
5085,0.0,-
5086,0.0,-
5087,0.0,-
5088,0.0,-
5089,0.0,-
5090,0.0,-
5091,0.0,-
5092,0.0,-
5093,0.0,-
5094,0.0,-
5095,0.0,-
5096,0.0,-
5097,430.0,Chinese Yuan
5098,0.0,-
5099,0.0,-
5100,0.0,-
5101,0.0,-
5102,360.0,Chinese Yuan
5103,0.0,-
5104,0.0,-
5105,0.0,-
5106,0.0,-
5107,0.0,-
5108,0.0,-
5109,0.0,-
5110,0.0,-
5111,0.0,-
5112,390.0,Chinese Yuan
5113,0.0,-
5114,0.0,-
5115,0.0,-
5116,0.0,-
5117,0.0,-
5118,0.0,-
5119,0.0,-
5120,0.0,-
5121,0.0,-
5122,0.0,-
5123,0.0,-
5124,0.0,-
5125,0.0,-
5126,0.0,-
5127,0.0,-
5128,0.0,-
5129,0.0,-
5130,0.0,-
5131,0.0,-
5132,1100.0,Chinese Yuan
5133,0.0,-
5134,0.0,-
5135,0.0,-
5136,0.0,-
5137,0.0,-
5138,0.0,-
5139,0.0,-
5140,0.0,-
5141,0.0,-
5142,0.0,-
5143,0.0,-
5144,0.0,-
5145,0.0,-
5146,218.0,Chinese Yuan
5147,0.0,-
5148,0.0,-
5149,0.0,-
5150,0.0,-
5151,0.0,-
5152,428.0,Chinese Yuan
5153,0.0,-
5154,0.0,-
5155,0.0,-
5156,0.0,-
5157,2600.0,Russian ruble
5158,0.0,-
5159,0.0,-
5160,0.0,-
5161,1500.0,Russian ruble
5162,0.0,-
5163,0.0,-
5164,1300.0,Russian ruble
5165,450.0,South African rand
5166,0.0,-
5167,0.0,-
5168,0.0,-
5169,0.0,-
5170,0.0,-
5171,0.0,-
5172,0.0,-
5173,3000.0,Kazakhstani tenge
5174,0.0,-
5175,9500.0,Kazakhstani tenge
5176,0.0,-
5177,0.0,-
5178,0.0,-
5179,0.0,-
5180,0.0,-
5181,0.0,-
5182,0.0,-
5183,0.0,-
5184,1200.0,Kyrgyzstani som
5185,1000.0,Kyrgyzstani som
5186,0.0,-
5187,0.0,-
5188,1000.0,Kyrgyzstani som
5189,0.0,-
5190,0.0,-
5191,0.0,-
5192,0.0,-
5193,0.0,-
5194,0.0,-
5195,0.0,-
5196,0.0,-
5197,0.0,-
5198,0.0,-
5199,11000.0,Armenian Dram
5200,69000.0,South Korean won
5201,50000.0,South Korean won
5202,69000.0,South Korean won
5203,0.0,-
5204,0.0,-
5205,76000.0,South Korean won
5206,0.0,-
5207,0.0,-
5208,0.0,-
5209,73000.0,South Korean won
5210,0.0,-
5211,0.0,-
5212,0.0,-
5213,0.0,-
5214,76000.0,South Korean won
5215,0.0,-
5216,0.0,-
5217,72000.0,South Korean won
5218,0.0,-
5219,0.0,-
5220,76000.0,South Korean won
5221,0.0,-
5222,50.0,New Zealand Dollar
5223,0.0,-
5224,0.0,-
5225,75.0,New Zealand Dollar
5226,110.0,New Zealand Dollar
5227,0.0,-
5228,119.0,New Zealand Dollar
5229,75.0,New Zealand Dollar
5230,0.0,-
5231,60.0,New Zealand Dollar
5232,60.0,New Zealand Dollar
5233,0.0,-
5234,45.0,New Zealand Dollar
5235,0.0,-
5236,79.0,New Zealand Dollar
5237,0.0,-
5238,75.0,New Zealand Dollar
5239,0.0,-
5240,82.0,New Zealand Dollar
5241,99.0,New Zealand Dollar
5242,0.0,-
5243,75.0,New Zealand Dollar
5244,86.0,New Zealand Dollar
5245,99.0,New Zealand Dollar
5246,0.0,-
5247,80.0,New Zealand Dollar
5248,0.0,-
5249,84.0,New Zealand Dollar
5250,68.0,New Zealand Dollar
5251,0.0,-
5252,0.0,-
5253,0.0,-
5254,69.0,New Zealand Dollar
5255,119.0,New Zealand Dollar
5256,110.0,New Zealand Dollar
5257,65.0,New Zealand Dollar
5258,119.0,New Zealand Dollar
5259,119.0,New Zealand Dollar
5260,0.0,-
5261,0.0,-
5262,0.0,-
5263,0.0,-
5264,0.0,-
5265,0.0,-
5266,0.0,-
5267,0.0,-
5268,2.873,GBP
5269,0.0,-
5270,0.0,-
5271,0.0,-
5272,32000.0,Chiliean Peso
5273,23000.0,Chiliean Peso
5274,375.0,US Dollar
5275,26000.0,Chiliean Peso
5276,19000.0,Chiliean Peso
5277,37500.0,Chiliean Peso
5278,49000.0,Chiliean Peso
5279,16000.0,Chiliean Peso
5280,46500.0,Chiliean Peso
5281,25000.0,Chiliean Peso
5282,25000.0,Chiliean Peso
5283,44000.0,Chiliean Peso
5284,26000.0,Chiliean Peso
5285,44000.0,Chiliean Peso
5286,0.0,-
5287,15000.0,Chiliean Peso
5288,49000.0,Chiliean Peso
5289,36000.0,Chiliean Peso
5290,0.0,-
5291,0.0,-
5292,0.0,-
5293,0.0,-
5294,1600.0,Indian rupee
5295,0.0,-
5296,0.0,-
5297,0.0,-
5298,0.0,-
5299,0.0,-
5300,0.0,-
5301,0.0,-
5302,0.0,-
5303,0.0,-
5304,0.0,-
5305,0.0,-
5306,0.0,-
5307,0.0,-
5308,0.0,-
5309,0.0,-
5310,0.0,-
5311,0.0,-
5312,0.0,-
5313,0.0,-
5314,0.0,-
5315,0.0,-
5316,0.0,-
5317,0.0,-
5318,0.0,-
5319,850.0,Russian ruble
5320,0.0,-
5321,0.0,-
5322,0.0,-
5323,1100.0,Russian ruble
5324,0.0,-
5325,0.0,-
5326,12.0,GBP
5327,0.0,-
5328,13.0,GBP
5329,0.0,-
5330,17.0,GBP
5331,0.0,-
5332,12.0,GBP
5333,0.0,-
5334,20.0,GBP
5335,0.0,-
5336,20.0,GBP
5337,10.0,GBP
5338,40.0,Georgian Lari
5339,0.0,-
5340,25.0,Georgian Lari
5341,40.0,Georgian Lari
5342,40.0,Georgian Lari
5343,0.0,-
5344,0.0,-
5345,4000.0,Hungarian forint
5346,0.0,-
5347,0.0,-
5348,5500.0,Hungarian forint
5349,0.0,-
5350,6000.0,Hungarian forint
5351,2500.0,Hungarian forint
5352,3000.0,Hungarian forint
5353,4900.0,Hungarian forint
5354,0.0,-
5355,6700.0,Hungarian forint
5356,1000.0,Hungarian forint
5357,4100.0,Hungarian forint
5358,500.0,Argentine Peso
5359,1330.0,Argentine Peso
5360,1062.0,Argentine Peso
5361,0.0,-
5362,1230.0,Argentine Peso
5363,1280.0,Argentine Peso
5364,490.0,Argentine Peso
5365,85.0,Argentine Peso
5366,1330.0,Argentine Peso
5367,0.0,-
5368,0.0,-
5369,900.0,Argentine Peso
5370,1270.0,Argentine Peso
5371,750.0,Argentine Peso
5372,350.0,Argentine Peso
5373,0.0,-
5374,0.0,-
5375,0.0,-
5376,765.0,Argentine Peso
5377,0.0,-
5378,0.0,-
5379,0.0,-
5380,310.0,United Arab Emerites
5381,0.0,-
5382,0.0,-
5383,0.0,-
5384,100.0,Croatian Kuna
5385,0.0,-
5386,75.0,Croatian Kuna
5387,0.0,-
5388,0.0,-
5389,0.0,-
5390,100.0,Croatian Kuna
5391,60.0,Croatian Kuna
5392,0.0,-
5393,70.0,Australian dollar
5394,103.0,Australian dollar
5395,30.0,Australian dollar
5396,0.0,-
5397,0.0,-
5398,129.0,Australian dollar
5399,0.0,-
5400,80.0,Australian dollar
5401,129.0,Australian dollar
5402,30.0,Australian dollar
5403,129.0,Australian dollar
5404,0.0,-
5405,90.0,Australian dollar
5406,0.0,-
5407,125.0,Australian dollar
5408,0.0,-
5409,0.0,-
5410,0.0,-
5411,0.0,-
5412,0.0,-
5413,0.0,-
5414,0.0,-
5415,0.0,-
5416,0.0,-
5417,0.0,-
5418,0.0,-
5419,0.0,-
5420,30200.0,Lebanese pound
5421,0.0,-
5422,90600.0,Lebanese pound
5423,0.0,-
5424,0.0,-
5425,60000.0,Lebanese pound
5426,65000.0,Lebanese pound
5427,0.0,-
5428,0.0,-
5429,0.0,-
5430,1600.0,Russian ruble
5431,0.0,-
5432,0.0,-
5433,0.0,-
5434,0.0,-
5435,0.0,-
5436,0.0,-
5437,0.0,-
5438,0.0,-
5439,0.0,-
5440,24.0,GBP
5441,0.0,-
5442,18.0,GBP
5443,0.0,-
5444,0.0,-
5445,0.0,-
5446,0.0,-
5447,0.0,-
5448,0.0,-
5449,0.0,-
5450,0.0,-
5451,220.0,South African rand
5452,0.0,-
5453,440.0,South African rand
5454,250.0,Israeli new shekel
5455,280.0,Israeli new shekel
5456,0.0,-
5457,0.0,-
5458,0.0,-
5459,0.0,-
5460,0.0,-
5461,0.0,-
5462,0.0,-
5463,0.0,-
5464,0.0,-
5465,0.0,-
5466,0.0,-
5467,25.0,GBP
5468,26.0,Azerbaijani manat
5469,0.0,-
5470,0.0,-
5471,0.0,-
5472,0.0,-
5474,0.0,-
5475,0.0,-
5476,69500.0,Mongolian togrog
5477,0.0,-
5478,18.0,GBP
